escenario_id,metodo,eps_m,min_samples,n_establecimientos,n_clusters,n_ruido,pct_ruido,tam_min,tam_mediana,tam_media,tam_max,pct_cluster_mayor,min_cluster_size,cluster_selection_method,probabilidad_media,pct_probabilidad_ge_0_8,xi,min_cluster_size_frac,bbox_mediana_km,bbox_max_km,chaining_proxy_max,ari_mediana_mismo_metodo,ari_top5_mismo_metodo,ari_perturbacion_25m,puntaje_espacial,rol
hdbscan__min_cluster_size-30__min_samples-5__cluster_selection_method-eom,HDBSCAN,,5,4365,19,267,6.116838487972508,30,74.0,215.68421052631575,2310,52.92096219931271,30.0,eom,0.9405038803972532,88.57979502196194,,,3.2147316823177063,42.016905896371945,1.523629756592184,0.3279538774947841,0.9280635813348797,0.9423756765891073,0.9450037794029146,NO_SELECCIONADO
dbscan__eps_m-1200__min_samples-10,DBSCAN,1200.0,10,4365,24,143,3.276059564719359,10,26.5,175.91666666666666,2217,50.79037800687285,,,,,,,2.5677315087689965,35.59636614123687,0.8480780098477233,0.44321398828552044,0.9501076681229284,0.9992903307734243,0.9236651392019547,NO_SELECCIONADO
dbscan__eps_m-800__min_samples-10,DBSCAN,800.0,10,4365,25,379,8.682703321878579,10,31.0,159.44,2033,46.57502863688431,,,,,,,1.975111243168312,29.415593777050734,0.6523924555158512,0.5179122938994101,0.9147354923665925,0.9961585960964664,0.9234794983885983,NO_SELECCIONADO
dbscan__eps_m-1200__min_samples-25,DBSCAN,1200.0,25,4365,13,510,11.683848797250858,28,76.0,296.53846153846155,2050,46.96449026345933,,,,,,,3.337881285094298,29.831200676516758,0.658861003070548,0.4840295488395476,0.909573206941458,0.9793813421938694,0.922815521906351,NO_SELECCIONADO
dbscan__eps_m-1200__min_samples-15,DBSCAN,1200.0,15,4365,20,275,6.300114547537228,15,36.5,204.5,2133,48.865979381443296,,,,,,,2.6562191785586413,31.212703893020567,0.7914499197557924,0.4483240864792471,0.9292401673718359,0.9907332367096845,0.921457255204328,NO_SELECCIONADO
dbscan__eps_m-1600__min_samples-15,DBSCAN,1600.0,15,4365,17,145,3.3218785796105386,15,40.0,248.23529411764707,2244,51.40893470790378,,,,,,,3.764668162626869,34.978346498553194,0.9079971879923155,0.45521842148188396,0.9454547212782505,0.9783721531797372,0.9178071272958209,NO_SELECCIONADO
dbscan__eps_m-600__min_samples-5,DBSCAN,600.0,5,4365,51,234,5.360824742268041,5,12.0,81.0,1997,45.75028636884307,,,,,,,1.5237311892412955,29.415593777050734,0.6886143399012862,0.5145256183758504,0.8958228049086511,0.9837022373039462,0.9103002651191898,NO_SELECCIONADO
dbscan__eps_m-1200__min_samples-5,DBSCAN,1200.0,5,4365,27,51,1.168384879725086,6,19.0,159.77777777777777,2317,53.08132875143185,,,,,,,2.1996425815285345,42.41363985896889,0.8976966291170906,0.48553701889717354,0.9320667576769421,1.0,0.9099572872632167,NO_SELECCIONADO
dbscan__eps_m-800__min_samples-5,DBSCAN,800.0,5,4365,44,106,2.428407789232532,5,14.5,96.79545454545456,2150,49.25544100801833,,,,,,,1.7862956448614669,34.29095986644072,0.865417023209214,0.4476245471995923,0.9159054277625979,0.989175740916972,0.9094979824144063,NO_SELECCIONADO
dbscan__eps_m-1600__min_samples-10,DBSCAN,1600.0,10,4365,16,81,1.855670103092784,17,39.0,267.75,2435,55.784650630011456,,,,,,,3.9427417689355626,44.10420745349052,1.125229018915225,0.4799375997278118,0.9073456464910301,0.9982265376144838,0.8967787684482066,NO_SELECCIONADO
dbscan__eps_m-1600__min_samples-5,DBSCAN,1600.0,5,4365,22,27,0.6185567010309279,5,26.5,197.1818181818182,2462,56.40320733104238,,,,,,,2.433242928475552,44.4823288518291,1.1474836400097441,0.49159708238792094,0.896088081308475,0.9998714072110211,0.889738967660026,NO_SELECCIONADO
hdbscan__min_cluster_size-75__min_samples-10__cluster_selection_method-eom,HDBSCAN,,10,4365,9,418,9.576174112256588,79,211.0,438.55555555555554,2236,51.22565864833906,75.0,eom,0.9278367855632064,83.27843932100329,,,6.4033588744462575,53.75158288347545,6.047525555782059,0.31886537268022125,0.9443862647803647,0.9941038236742786,0.874012698656164,NO_SELECCIONADO
hdbscan__min_cluster_size-75__min_samples-20__cluster_selection_method-eom,HDBSCAN,,20,4365,9,522,11.958762886597938,79,211.0,427.0,2152,49.30126002290951,75.0,eom,0.93247838826366,85.84439240176945,,,6.008975076676262,53.75158288347545,6.047525555782059,0.30318970470540146,0.9210021631808818,0.9804925117532314,0.8700061628679607,NO_SELECCIONADO
dbscan__eps_m-800__min_samples-15,DBSCAN,800.0,15,4365,25,534,12.233676975945016,15,35.0,153.24,1659,38.00687285223368,,,,,,,2.657482654331155,26.247627493990816,0.6444168102669364,0.5448010488417895,0.7319912534927466,0.9761578147166693,0.8655603797901661,NO_SELECCIONADO
hdbscan__min_cluster_size-50__min_samples-20__cluster_selection_method-eom,HDBSCAN,,20,4365,10,469,10.744558991981672,53,202.5,389.6,2152,49.30126002290951,50.0,eom,0.9141959625133926,81.1858316221766,,,5.53756748521158,53.75158288347545,6.047525555782059,0.29414196778431584,0.9226002379790794,0.980929365265086,0.8652331298220404,NO_SELECCIONADO
hdbscan__min_cluster_size-75__min_samples-5__cluster_selection_method-eom,HDBSCAN,,5,4365,9,304,6.964490263459336,79,211.0,451.22222222222223,2310,52.92096219931271,75.0,eom,0.910959050743094,82.76286628909135,,,6.4033588744462575,53.75158288347545,6.047525555782059,0.33376485620702073,0.9421431962755198,0.9986578396550986,0.8639625455876703,NO_SELECCIONADO
hdbscan__min_cluster_size-50__min_samples-10__cluster_selection_method-eom,HDBSCAN,,10,4365,13,367,8.407789232531501,53,155.0,307.53846153846155,2236,51.22565864833906,50.0,eom,0.9157690714567436,81.3656828414207,,,4.497320596044105,53.75158288347545,6.047525555782059,0.31700023012113665,0.932035365164334,0.9785026847476713,0.8625660478298804,NO_SELECCIONADO
hdbscan__min_cluster_size-50__min_samples-5__cluster_selection_method-eom,HDBSCAN,,5,4365,10,251,5.75028636884307,53,201.5,411.4,2310,52.92096219931271,50.0,eom,0.9099295927494764,81.72095284394749,,,5.842177868317631,53.75158288347545,6.047525555782059,0.3288949272268161,0.943272696888951,0.9986848585040097,0.8623912012197315,NO_SELECCIONADO
dbscan__eps_m-600__min_samples-15,DBSCAN,600.0,15,4365,34,1123,25.72737686139748,6,34.5,95.3529411764706,980,22.45131729667812,,,,,,,1.9805184315206912,16.16064319011526,0.5162328104745253,0.33246960683988686,0.6016300180896659,0.9023901288189974,0.8249194612666197,NO_SELECCIONADO
dbscan__eps_m-800__min_samples-25,DBSCAN,800.0,25,4365,23,1216,27.857961053837343,26,61.0,136.91304347826087,969,22.19931271477663,,,,,,,2.730944927470097,17.165487255078972,0.5514348978322312,0.32716091818236653,0.5753610138697319,0.9683583142077402,0.8211112110982979,NO_SELECCIONADO
hdbscan__min_cluster_size-20__min_samples-20__cluster_selection_method-leaf,HDBSCAN,,20,4365,40,2227,51.01947308132875,20,43.0,53.45,224,5.131729667812143,20.0,leaf,0.8657473478098875,75.67820392890552,,,2.362139985977992,6.4670888621153315,1.222164916836632,0.2400743443472648,0.6588308368619865,0.81755588429893,0.8202859773296185,NO_SELECCIONADO
hdbscan__min_cluster_size-30__min_samples-20__cluster_selection_method-leaf,HDBSCAN,,20,4365,34,2230,51.08820160366552,30,48.0,62.794117647058826,224,5.131729667812143,30.0,leaf,0.8793111439213799,76.95550351288057,,,3.0034182456183323,6.008975076676262,0.8357578759967788,0.23349087096003215,0.6513587657621385,0.8125490129755105,0.8191557846299597,NO_SELECCIONADO
dbscan__eps_m-600__min_samples-10,DBSCAN,600.0,10,4365,40,583,13.356242840778924,7,28.5,94.55,1200,27.491408934707906,,,,,,,2.0374716062840474,18.511431092078933,0.5830927696144744,0.40613905151989543,0.6122298663279839,0.9220445112873236,0.8157329874854605,NO_SELECCIONADO
hdbscan__min_cluster_size-20__min_samples-10__cluster_selection_method-leaf,HDBSCAN,,10,4365,57,1885,43.184421534937,20,36.0,43.50877192982456,112,2.5658648339060712,20.0,leaf,0.903686865983357,83.10483870967742,,,2.038916123605999,11.022965778561465,1.8371609630935775,0.23033941000737815,0.6218514584021811,0.7645993265118026,0.8101480039700372,NO_SELECCIONADO
hdbscan__min_cluster_size-30__min_samples-10__cluster_selection_method-leaf,HDBSCAN,,10,4365,42,1815,41.580756013745706,30,54.0,60.71428571428572,112,2.5658648339060712,30.0,leaf,0.9054039802663274,85.45098039215686,,,2.9877163360955765,11.022965778561465,1.8371609630935775,0.25190791988493927,0.6145315779451543,0.7654938945020766,0.8101031581241486,NO_SELECCIONADO
dbscan__eps_m-400__min_samples-25,DBSCAN,400.0,25,4365,12,3133,71.77548682703322,25,54.0,102.66666666666669,334,7.651775486827034,,,,,,,1.3791471136452391,3.208578709892013,0.22205111769013605,0.43519726865527647,0.708739957287778,0.9695772339280669,0.8087693377637716,NO_SELECCIONADO
dbscan__eps_m-250__min_samples-10,DBSCAN,250.0,10,4365,31,2884,66.07101947308132,10,19.0,47.774193548387096,327,7.491408934707904,,,,,,,0.747474322755561,2.8746518128287026,0.2247901355198528,0.4222469862767323,0.6975117710835098,0.9212424133628102,0.8055845412282036,NO_SELECCIONADO
dbscan__eps_m-250__min_samples-15,DBSCAN,250.0,15,4365,14,3232,74.04352806414663,15,31.0,80.92857142857143,320,7.331042382588774,,,,,,,0.883522790911389,2.7824459370180095,0.18340107311816425,0.38597338461095276,0.6959605730087642,0.9585106950888488,0.7985955413706131,NO_SELECCIONADO
dbscan__eps_m-400__min_samples-15,DBSCAN,400.0,15,4365,29,2540,58.1901489117984,15,34.0,62.93103448275862,335,7.674684994272623,,,,,,,1.3701489177259414,3.3730271654860333,0.30402297864916095,0.4198280337891184,0.64347700614116,0.9273531865915491,0.7967085570774988,NO_SELECCIONADO
hdbscan__min_cluster_size-30__min_samples-5__cluster_selection_method-leaf,HDBSCAN,,5,4365,47,1427,32.69186712485681,30,58.0,62.51063829787234,132,3.0240549828178693,30.0,leaf,0.9030975525037174,82.50510551395507,,,3.300219708819518,9.013915199904007,1.523629756592184,0.27596098876425673,0.5566877015392442,0.6796881605072723,0.7932374193734031,NO_SELECCIONADO
hdbscan__min_cluster_size-10__min_samples-20__cluster_selection_method-leaf,HDBSCAN,,20,4365,53,2413,55.28064146620848,11,33.0,36.83018867924528,100,2.290950744558992,10.0,leaf,0.8601973451372575,74.64139344262296,,,1.8228392003863434,6.4670888621153315,1.222164916836632,0.19673549750376174,0.5897905110295024,0.8389892799594801,0.7883831032338618,NO_SELECCIONADO
dbscan__eps_m-600__min_samples-25,DBSCAN,600.0,25,4365,27,2271,52.02749140893472,27,47.0,77.55555555555556,336,7.697594501718213,,,,,,,1.8321656372183415,4.286511188734989,0.35358318326504434,0.3832655779559881,0.5743723969412085,0.9531303235123533,0.7821772701899343,NO_SELECCIONADO
dbscan__eps_m-400__min_samples-10,DBSCAN,400.0,10,4365,69,1603,36.723940435280646,6,16.0,40.028985507246375,336,7.697594501718213,,,,,,,1.1611965315848,4.69089844206991,0.4457496826372989,0.23784419617277944,0.5336348585521675,0.8768595155427169,0.7773969600993536,NO_SELECCIONADO
hdbscan__min_cluster_size-20__min_samples-5__cluster_selection_method-leaf,HDBSCAN,,5,4365,70,1480,33.90607101947308,20,34.5,41.21428571428572,103,2.359679266895762,20.0,leaf,0.909022303812106,83.0155979202773,,,2.055697263715929,9.013915199904007,1.523629756592184,0.19366422080206339,0.5245646958997137,0.6493011056486261,0.7751938033085473,NO_SELECCIONADO
hdbscan__min_cluster_size-10__min_samples-5__cluster_selection_method-eom,HDBSCAN,,5,4365,99,955,21.87857961053837,10,20.0,34.44444444444444,340,7.789232531500573,10.0,eom,0.9048295338040124,80.29325513196481,,,1.7069799662793588,9.013915199904007,1.523629756592184,0.19613833679717754,0.4794303280947799,0.7624741270126562,0.7582044313345767,NO_SELECCIONADO
hdbscan__min_cluster_size-50__min_samples-20__cluster_selection_method-leaf,HDBSCAN,,20,4365,19,1990,45.58991981672394,50,100.0,125.0,337,7.720504009163803,50.0,leaf,0.869299019722929,74.14736842105263,,,4.661037143062647,53.75158288347545,6.047525555782059,0.377108704536785,0.6643166275203447,0.9089212655655171,0.7540892539468242,NO_SELECCIONADO
hdbscan__min_cluster_size-10__min_samples-10__cluster_selection_method-eom,HDBSCAN,,10,4365,73,1274,29.18671248568156,10,23.0,42.342465753424655,337,7.720504009163803,10.0,eom,0.8823564626188902,75.76835975412489,,,2.094615749437249,11.022965778561465,1.8371609630935775,0.2682855954076529,0.48679674261071176,0.6088420003425425,0.7494930016290502,NO_SELECCIONADO
hdbscan__min_cluster_size-20__min_samples-5__cluster_selection_method-eom,HDBSCAN,,5,4365,55,965,22.107674684994272,20,40.0,61.81818181818182,340,7.789232531500573,20.0,eom,0.9124367546062756,83.94117647058823,,,2.853561301229476,9.013915199904007,1.523629756592184,0.23349087096003215,0.5245257465807583,0.38765912928412644,0.7456354358418251,NO_SELECCIONADO
hdbscan__min_cluster_size-75__min_samples-10__cluster_selection_method-leaf,HDBSCAN,,10,4365,18,1781,40.80183276059565,79,119.0,143.55555555555554,337,7.720504009163803,75.0,leaf,0.919483883709198,83.32043343653251,,,5.197291154878747,53.75158288347545,6.047525555782059,0.3369919750270187,0.6159176639422537,0.8536488685623391,0.7436579123465572,NO_SELECCIONADO
hdbscan__min_cluster_size-75__min_samples-20__cluster_selection_method-leaf,HDBSCAN,,20,4365,15,2208,50.58419243986254,79,119.0,143.8,337,7.720504009163803,75.0,leaf,0.9038990663402514,81.64116828929068,,,4.726148448394284,53.75158288347545,6.047525555782059,0.39071971980301035,0.6325020877612989,0.9076142808513971,0.7405959907248445,NO_SELECCIONADO
dbscan__eps_m-400__min_samples-5,DBSCAN,400.0,5,4365,91,633,14.50171821305842,2,13.0,41.010989010989015,727,16.655211912943873,,,,,,,1.2224687038809225,15.116750947926448,0.5714867467823124,0.2300749983030146,0.47875759727809425,0.8007362858663463,0.7321160591107773,NO_SELECCIONADO
hdbscan__min_cluster_size-10__min_samples-10__cluster_selection_method-leaf,HDBSCAN,,10,4365,94,1969,45.10882016036656,10,21.0,25.48936170212766,93,2.1305841924398625,10.0,leaf,0.8641965706501006,71.86978297161937,,,1.5171103846232954,11.022965778561465,1.8371609630935775,0.17281512320802728,0.5052473947163092,0.701436942143696,0.7257473638356768,NO_SELECCIONADO
dbscan__eps_m-250__min_samples-25,DBSCAN,250.0,25,4365,8,3565,81.67239404352806,27,61.5,100.0,252,5.77319587628866,,,,,,,1.0926931019671315,2.1123079591181146,0.1504773844302044,0.2824782465002792,0.5424361048099272,0.9520713371260703,0.7247765514275893,NO_SELECCIONADO
hdbscan__min_cluster_size-75__min_samples-5__cluster_selection_method-leaf,HDBSCAN,,5,4365,17,1944,44.53608247422681,75,127.0,142.41176470588235,340,7.789232531500573,75.0,leaf,0.9158823565124896,85.87360594795538,,,4.896766687532113,53.75158288347545,6.047525555782059,0.29414196778431584,0.5730619678145884,0.7780805762088224,0.7088587100326753,NO_SELECCIONADO
hdbscan__min_cluster_size-50__min_samples-10__cluster_selection_method-leaf,HDBSCAN,,10,4365,27,1823,41.764032073310425,50,93.0,94.14814814814817,211,4.833906071019473,50.0,leaf,0.9201841844431712,86.11329661683713,,,4.184679581149998,53.75158288347545,6.047525555782059,0.2787692682006392,0.5769475532257335,0.7214767187688551,0.7069408067686491,NO_SELECCIONADO
hdbscan__min_cluster_size-50__min_samples-5__cluster_selection_method-leaf,HDBSCAN,,5,4365,29,1697,38.8774341351661,53,78.0,92.0,223,5.108820160366552,50.0,leaf,0.9216029597844996,87.21889055472263,,,3.711907388272322,53.75158288347545,6.047525555782059,0.22299945104160648,0.5243582065452429,0.7097965690405598,0.6887666976126907,NO_SELECCIONADO
hdbscan__min_cluster_size-10__min_samples-5__cluster_selection_method-leaf,HDBSCAN,,5,4365,134,1435,32.87514318442153,10,18.0,21.86567164179105,78,1.7869415807560138,10.0,leaf,0.8824217585345129,74.81228668941979,,,1.3278640024881656,9.013915199904007,1.523629756592184,0.10782279686762969,0.43884200517003374,0.6239342401902462,0.6658259798949769,NO_SELECCIONADO
dbscan__eps_m-250__min_samples-5,DBSCAN,250.0,5,4365,149,1704,39.03780068728523,3,7.0,17.859060402684563,332,7.605956471935853,,,,,,,0.5464126486943117,3.0211627613416825,0.3843027571834248,0.2418786539741454,0.46348186142870446,0.85163892605776,0.655831882449218,NO_SELECCIONADO
optics__min_samples-20__xi-0p05__min_cluster_size_frac-0p01,OPTICS,,20,4365,21,2710,62.08476517754868,45,62.0,78.80952380952381,340,7.789232531500573,,,,,0.05,0.01,2.3710063712180625,53.75158288347545,6.047525555782059,0.5599610601991695,0.5599610601991695,,0.5274067651977037,NO_SELECCIONADO
optics__min_samples-30__xi-0p05__min_cluster_size_frac-0p01,OPTICS,,30,4365,18,2685,61.512027491408936,43,75.5,93.33333333333331,340,7.789232531500573,,,,,0.05,0.01,2.7178327000829823,53.75158288347545,6.047525555782059,0.531299874663941,0.531299874663941,,0.5168013975128218,NO_SELECCIONADO
optics__min_samples-10__xi-0p05__min_cluster_size_frac-0p01,OPTICS,,10,4365,28,2628,60.20618556701031,43,60.0,62.035714285714285,93,2.1305841924398625,,,,,0.05,0.01,2.4869041595049985,53.75158288347545,6.047525555782059,0.41497709069295957,0.41497709069295957,,0.4722310468110272,NO_SELECCIONADO
hdbscan__min_cluster_size-10__min_samples-20__cluster_selection_method-eom,HDBSCAN,,20,4365,22,584,13.379152348224514,14,46.5,171.86363636363637,1997,45.75028636884307,10.0,eom,0.9140475396707124,83.97249404919333,,,3.348419388973558,28.995137572681024,1.222164916836632,0.25289989462662205,0.9365642631532365,0.925520713345322,0.9627066191663075,PRINCIPAL
dbscan__eps_m-1600__min_samples-25,DBSCAN,1600.0,25,4365,13,329,7.5372279495990835,20,95.0,310.46153846153845,2178,49.896907216494846,,,,,,,3.764668162626869,33.821351535561504,0.9079971879923155,0.43519726865527647,0.9325568477326769,0.9955053255048867,0.92380901901846,REFERENCIA_DBSCAN
hdbscan__min_cluster_size-20__min_samples-20__cluster_selection_method-eom,HDBSCAN,,20,4365,21,598,13.699885452462771,20,48.0,179.38095238095238,1997,45.75028636884307,20.0,eom,0.9092836985746914,82.79798247942661,,,3.516283270139215,28.995137572681024,1.222164916836632,0.2557235101023448,0.9362757180275001,0.9255723154961609,0.962127272875792,SENSIBILIDAD
hdbscan__min_cluster_size-30__min_samples-20__cluster_selection_method-eom,HDBSCAN,,20,4365,18,646,14.799541809851087,30,72.5,206.61111111111111,1997,45.75028636884307,30.0,eom,0.9106616087660688,82.57596127991395,,,3.648346720134845,28.995137572681024,0.8357578759967788,0.2661300288141335,0.9327582967716161,0.9213327292924568,0.9620094330172407,SENSIBILIDAD
hdbscan__min_cluster_size-20__min_samples-10__cluster_selection_method-eom,HDBSCAN,,10,4365,24,450,10.309278350515465,20,43.5,163.125,2065,47.30813287514319,20.0,eom,0.9367155190149334,86.94763729246488,,,2.694213790900626,30.74674289011034,1.8371609630935775,0.2546098820258804,0.9275926584125667,0.9721834073556517,0.9569661772225478,SENSIBILIDAD
hdbscan__min_cluster_size-30__min_samples-10__cluster_selection_method-eom,HDBSCAN,,10,4365,20,440,10.080183276059564,30,68.5,196.25,2065,47.30813287514319,30.0,eom,0.9316182057293824,86.80254777070063,,,3.9567921093189127,30.74674289011034,1.8371609630935775,0.26032460726511825,0.9275611204148948,0.9732546592186807,0.9557511445341395,SENSIBILIDAD
