rule_id,rule_type,source,criterion,interpretation,registros_activados
exc_nombre_no_objetivo,exclusion,nombre_de_la_unidad_economica,"planchado, costura, ropa terminada, lavado no textil, insumos, bodega u otro termino no objetivo",Evita que una palabra generica como lavado o taller se interprete como proceso textil relevante.,35
exc_actividad_no_objetivo,exclusion,nombre_clase_actividad_scian,"agua, calzado, bolsas, computadoras o comercio al por mayor",Retira actividades cuyo giro declarado no corresponde al proceso textil estudiado.,4
exc_decision_previa,exclusion,decision_estudio_sugerida,"decision previa de excluir por comercio, renta o del universo prioritario",Respeta las exclusiones explícitas de la clasificación previa.,7
inc_humedo_flags,inclusion,flags de clasificacion,"proceso humedo, lavado/deslavado, tenido/tintoreria o acabado/tratamiento",Señal estructurada de tratamiento o proceso húmedo textil.,28
inc_humedo_texto,inclusion,"nombre, actividad y etapa","lavanderia, lavado, deslavado, stone wash, tintoreria, tenido, acabado o poliproceso",Señal textual explícita de proceso húmedo o acabado.,34
inc_humedo_etapa_scian,inclusion,etapa_productiva_sugerida y SCIAN,etapa húmeda reconocida o SCIAN 812210/313310,"Señal sectorial o de etapa compatible con lavado, tintorería o acabado.",33
inc_mezclilla_nombre,inclusion,nombre_de_la_unidad_economica,"mezclilla, jeans, denim, deshebrado o variantes",Identifica establecimientos vinculados explícitamente con mezclilla o jeans.,42
inc_mezclilla_etapa,inclusion,etapa_productiva_sugerida,fabricacion_mezclilla,Conserva la señal de mezclilla asignada en la clasificación productiva.,38
inc_material_textil,inclusion,"SCIAN, nombre, actividad y etapa","SCIAN 313 con señal de textil, tela, tejido, hilado o pasamaneria","Incluye producción de material textil, no confección genérica de ropa terminada.",3
