id,clee,nombre_de_la_unidad_economica,codigo_de_la_clase_actividad_scian,localidad,etapa_productiva_sugerida,_id_key,nombre_mapa,comparacion,fuente_mapa
3326066,21074812210000262001000000U9,LAVANDERIA LAVAPLUS,812210,Santa Ana Xalmimilulco,lavanderia_industrial,3326066,LAVANDERIA LAVAPLUS,coincide_actual_y_denue2026_base,universo_actual_santa_ana
3326348,21074315229001403002000000U0,TALLER DE MAQUILA DE PANTALON DE MEZCLILLA,315229,Santa Ana Xalmimilulco,fabricacion_mezclilla,3326348,TALLER DE MAQUILA DE PANTALON DE MEZCLILLA,coincide_actual_y_denue2026_base,universo_actual_santa_ana
3427228,21074812210000141000000000U5,TINTORERIA LIZ,812210,Santa Ana Xalmimilulco,lavanderia_industrial,3427228,TINTORERIA LIZ,coincide_actual_y_denue2026_base,universo_actual_santa_ana
3427244,21074812210000131000000000U6,TINTORERIA LIZ,812210,Santa Ana Xalmimilulco,lavanderia_industrial,3427244,TINTORERIA LIZ,coincide_actual_y_denue2026_base,universo_actual_santa_ana
3427952,21074812210000031010000000U8,MAQUILA DE LAVANDERIA DE PANTALON,313310,Santa Ana Xalmimilulco,lavanderia_industrial,3427952,MAQUILA DE LAVANDERIA DE PANTALON,coincide_actual_y_denue2026_base,universo_actual_santa_ana
3428125,21074812210000182000000000U9,LAVANDERIA SANTA CECILIA,812210,Santa Ana Xalmimilulco,lavanderia_industrial,3428125,LAVANDERIA SANTA CECILIA,coincide_actual_y_denue2026_base,universo_actual_santa_ana
3428134,21074812210000223001000000U1,LAVANDERIA SANTA MONICA,812210,Santa Ana Xalmimilulco,lavanderia_industrial,3428134,LAVANDERIA SANTA MONICA,coincide_actual_y_denue2026_base,universo_actual_santa_ana
3428174,21074812210000172002000000U0,LAVANDERIA ALEX,812210,Santa Ana Xalmimilulco,lavanderia_industrial,3428174,LAVANDERIA ALEX,coincide_actual_y_denue2026_base,universo_actual_santa_ana
3428228,21074315229000811002000000U5,MAQUILAR PANTALON DE MEZCLILLA,315229,Santa Ana Xalmimilulco,fabricacion_mezclilla,3428228,MAQUILAR PANTALON DE MEZCLILLA,coincide_actual_y_denue2026_base,universo_actual_santa_ana
3428283,21074812210000121001000000U7,LAVANDERIA LAVAMEXXAL,812210,Santa Ana Xalmimilulco,lavanderia_industrial,3428283,LAVANDERIA LAVAMEXXAL,coincide_actual_y_denue2026_base,universo_actual_santa_ana
3428321,21074812210000051011000000U6,LAVANDERIA Y TERMINADOS G C,313310,Santa Ana Xalmimilulco,lavanderia_industrial,3428321,LAVANDERIA Y TERMINADOS G C,coincide_actual_y_denue2026_base,universo_actual_santa_ana
8088970,21074315229001671000000000U2,MAQUILADORA DE PANTALONES DE MEZCLILLA,315229,Santa Ana Xalmimilulco,fabricacion_mezclilla,8088970,MAQUILADORA DE PANTALONES DE MEZCLILLA,coincide_actual_y_denue2026_base,universo_actual_santa_ana
8089261,21074812210000431000000000U0,LAVANDERIA REY,812210,Santa Ana Xalmimilulco,lavanderia_industrial,8089261,LAVANDERIA REY,coincide_actual_y_denue2026_base,universo_actual_santa_ana
8090455,21074315229001931000000000U0,TALLER DE MAQUILA DE MEZCLILLA,315229,Santa Ana Xalmimilulco,fabricacion_mezclilla,8090455,TALLER DE MAQUILA DE MEZCLILLA,coincide_actual_y_denue2026_base,universo_actual_santa_ana
8776900,21074812210000521000000000U8,LAVANDERIA MARY,812210,Santa Ana Xalmimilulco,lavanderia_industrial,8776900,LAVANDERIA MARY,coincide_actual_y_denue2026_base,universo_actual_santa_ana
8949535,21074315229001601000000000U9,TALLER DE MAQUILA DE MEZCLILLA SIN NOMBRE,315229,Santa Ana Xalmimilulco,fabricacion_mezclilla,8949535,TALLER DE MAQUILA DE MEZCLILLA SIN NOMBRE,coincide_actual_y_denue2026_base,universo_actual_santa_ana
9725562,21074315229002411000000000U2,TALLER DE MAQUILA DE PANTALON DE MEZCLILLA,315229,Santa Ana Xalmimilulco,fabricacion_mezclilla,9725562,TALLER DE MAQUILA DE PANTALON DE MEZCLILLA,coincide_actual_y_denue2026_base,universo_actual_santa_ana
10086701,21074812210000601000000000U8,LAVANDERIA MEXICO,812210,Santa Ana Xalmimilulco,lavanderia_industrial,10086701,LAVANDERIA MEXICO,coincide_actual_y_denue2026_base,universo_actual_santa_ana
10099363,21074315223001011000000000U4,MAQUILA DE PANTALON DE MEZCLILLA SIN NOMBRE,315229,Santa Ana Xalmimilulco,fabricacion_mezclilla,10099363,MAQUILA DE PANTALON DE MEZCLILLA SIN NOMBRE,coincide_actual_y_denue2026_base,universo_actual_santa_ana
10801837,21074812210000772000000000U7,LAVANDERIA SIN NOMBRE,812210,Santa Ana Xalmimilulco,lavanderia_industrial,10801837,LAVANDERIA SIN NOMBRE,coincide_actual_y_denue2026_base,universo_actual_santa_ana
10876257,21074812210000751000000000U1,LAVANDERIA MA & MA,812210,Santa Ana Xalmimilulco,lavanderia_industrial,10876257,LAVANDERIA MA & MA,coincide_actual_y_denue2026_base,universo_actual_santa_ana
11081907,21074812210000921000000000U0,BODEGA SIN NOMBRE,812210,Santa Ana Xalmimilulco,lavanderia_industrial,11081907,BODEGA SIN NOMBRE,coincide_actual_y_denue2026_base,universo_actual_santa_ana
11096797,21074812210000642000000000U2,LAVADOS Y PROCESOS FLORES,812210,Santa Ana Xalmimilulco,lavado_deslavado,11096797,LAVADOS Y PROCESOS FLORES,actual_falta_en_denue2026_base,universo_actual_santa_ana
11149643,21074812210000672000000000U9,LAVANDERIA LOS SOLARES,812210,Santa Ana Xalmimilulco,lavanderia_industrial,11149643,LAVANDERIA LOS SOLARES,coincide_actual_y_denue2026_base,universo_actual_santa_ana
11183668,21074812210000251000000000U2,BODEGA DE DESPERDICIO,812210,Santa Ana Xalmimilulco,lavanderia_industrial,11183668,BODEGA DE DESPERDICIO,coincide_actual_y_denue2026_base,universo_actual_santa_ana
3326137,21074315229001301002000000U6,MAQUILA DE PANTALON FOSIL JEANS,315229,Santa Ana Xalmimilulco,fabricacion_mezclilla,3326137,MAQUILA DE PANTALON FOSIL JEANS,coincide_actual_y_denue2026_base,universo_actual_santa_ana
3326339,21074315229001291001000000U9,MAQUILA DE PANTALON DE MEZCLILLA SIN NOMBRE,315229,Santa Ana Xalmimilulco,fabricacion_mezclilla,3326339,MAQUILA DE PANTALON DE MEZCLILLA SIN NOMBRE,coincide_actual_y_denue2026_base,universo_actual_santa_ana
3427213,21074812210000342001000000U9,LAVANDERIA MAGALY,812210,Santa Ana Xalmimilulco,lavanderia_industrial,3427213,LAVANDERIA MAGALY,coincide_actual_y_denue2026_base,universo_actual_santa_ana
3427993,21074812210000213002000000U2,LAVANDERIA SIN NOMBRE,812210,Santa Ana Xalmimilulco,lavanderia_industrial,3427993,LAVANDERIA SIN NOMBRE,coincide_actual_y_denue2026_base,universo_actual_santa_ana
3428103,21074812210000192001000000U8,LAVANDERIA NOVALAV,812210,Santa Ana Xalmimilulco,lavanderia_industrial,3428103,LAVANDERIA NOVALAV,coincide_actual_y_denue2026_base,universo_actual_santa_ana
6861846,21074812210000364001000000U3,STONE LAV,812210,Santa Ana Xalmimilulco,lavanderia_industrial,6861846,STONE LAV,coincide_actual_y_denue2026_base,universo_actual_santa_ana
7742787,21074461160000781011000000U9,TALLER DE MAQUILA Y PANTALONES DE MEZCLILLA,315229,Santa Ana Xalmimilulco,fabricacion_mezclilla,7742787,TALLER DE MAQUILA Y PANTALONES DE MEZCLILLA,coincide_actual_y_denue2026_base,universo_actual_santa_ana
8089452,21074812210000451001000000U8,LAVANDERIA RUGLAS,812210,Santa Ana Xalmimilulco,lavanderia_industrial,8089452,LAVANDERIA RUGLAS,coincide_actual_y_denue2026_base,universo_actual_santa_ana
8089562,21074812210000471000000000U6,LAVANDERIA SANTY,812210,Santa Ana Xalmimilulco,lavanderia_industrial,8089562,LAVANDERIA SANTY,coincide_actual_y_denue2026_base,universo_actual_santa_ana
8111334,21074434222000041000000000U0,VAQUIMTEX PRODUCTOS PARA LAVANDERIA,434222,Santa Ana Xalmimilulco,lavanderia_industrial,8111334,VAQUIMTEX PRODUCTOS PARA LAVANDERIA,coincide_actual_y_denue2026_base,universo_actual_santa_ana
8777526,21074315229002171000000000U2,MAQUILA DESHEBRADO,315229,Santa Ana Xalmimilulco,fabricacion_mezclilla,8777526,MAQUILA DESHEBRADO,coincide_actual_y_denue2026_base,universo_actual_santa_ana
10451408,21074812210000861000000000U8,STONE LAV,812210,Santa Ana Xalmimilulco,lavanderia_industrial,10451408,STONE LAV,coincide_actual_y_denue2026_base,universo_actual_santa_ana
11133786,21074315229002281000000000U9,MAQUILA DESHEBRADO DE PANTALON SIN NOMBRE,315229,Santa Ana Xalmimilulco,fabricacion_mezclilla,11133786,MAQUILA DESHEBRADO DE PANTALON SIN NOMBRE,coincide_actual_y_denue2026_base,universo_actual_santa_ana
