id,clee,nombre_de_la_unidad_economica,codigo_de_la_clase_actividad_scian,localidad,municipio,etapa_productiva_sugerida,distancia_hidrografia_m,_id_key,nombre_mapa,comparacion,fuente_mapa
3325807,21074315229001032000000000U7,TEXTILERA DE PANTALON JEANS EMOCIONES,315229,Huejotzingo,Huejotzingo,fabricacion_mezclilla,563.1612887761776,3325807,TEXTILERA DE PANTALON JEANS EMOCIONES,solo_universo_actual,universo_actual
8271825,21074812210000401000000000U3,TINTORERIA HIGIENICA,812210,Huejotzingo,Huejotzingo,lavanderia_industrial,550.7543521535267,8271825,TINTORERIA HIGIENICA,solo_universo_actual,universo_actual
8279928,21074812210000541000000000U6,LAVANDERIA EL REHILETE,812210,Huejotzingo,Huejotzingo,lavanderia_industrial,658.4668822693124,8279928,LAVANDERIA EL REHILETE,solo_universo_actual,universo_actual
8592165,21074812210000571000000000U3,LAVANDERIA SUNNY CLEAN,812210,Huejotzingo,Huejotzingo,lavanderia_industrial,184.002792065141,8592165,LAVANDERIA SUNNY CLEAN,solo_universo_actual,universo_actual
8803988,21074812210000561000000000U4,TINTORERIA SANTIAGO,812210,Huejotzingo,Huejotzingo,lavanderia_industrial,153.3478692122728,8803988,TINTORERIA SANTIAGO,solo_universo_actual,universo_actual
9347738,21074315229002223001000000U1,MAQUILADORA ESTYR BLUE MICHELLE JEANS,315229,Huejotzingo,Huejotzingo,fabricacion_mezclilla,22.24969336173728,9347738,MAQUILADORA ESTYR BLUE MICHELLE JEANS,solo_universo_actual,universo_actual
9624559,21074812210000681000000000U0,LAVANDERIA SERGIO,812210,Huejotzingo,Huejotzingo,lavanderia_industrial,7.814713566941766,9624559,LAVANDERIA SERGIO,en_ambos,universo_actual
10070109,21074812210000981000000000U4,LAVANDERIA JUQUILITA,812210,Huejotzingo,Huejotzingo,lavanderia_industrial,46.680596086480165,10070109,LAVANDERIA JUQUILITA,solo_universo_actual,universo_actual
10118182,21074812210000811000000000U3,CLEAN CLOTHES,812210,Huejotzingo,Huejotzingo,lavanderia_industrial,604.9447386743516,10118182,CLEAN CLOTHES,solo_universo_actual,universo_actual
10279073,21074812210000841000000000U0,LAVANDERIA SIN NOMBRE,812210,Huejotzingo,Huejotzingo,lavanderia_industrial,341.4405841073572,10279073,LAVANDERIA SIN NOMBRE,en_ambos,universo_actual
10340864,21074812210000731000000000U3,TINTOWASH,812210,Huejotzingo,Huejotzingo,lavanderia_industrial,1184.0365846332002,10340864,TINTOWASH,solo_universo_actual,universo_actual
10501043,21074812210000801000000000U4,LAVANDERIA RAPIDI WUASH,812210,Huejotzingo,Huejotzingo,lavanderia_industrial,532.6146971833612,10501043,LAVANDERIA RAPIDI WUASH,solo_universo_actual,universo_actual
10866423,21074812210000943000000000U4,LAVANDERIA SAN JOSE,812210,Huejotzingo,Huejotzingo,lavanderia_industrial,375.32439055978523,10866423,LAVANDERIA SAN JOSE,solo_universo_actual,universo_actual
10941241,21074812210000781000000000U8,LAVANDERIA BURBUJAS,812210,Huejotzingo,Huejotzingo,lavanderia_industrial,187.2076449665989,10941241,LAVANDERIA BURBUJAS,en_ambos,universo_actual
11085776,21074812210000721000000000U4,LAUNDRY BOUTIQUE,812210,Huejotzingo,Huejotzingo,lavanderia_industrial,28.10074300245525,11085776,LAUNDRY BOUTIQUE,en_ambos,universo_actual
11255589,21074812210000961000000000U6,LAVANDERIA NATALI,812210,Huejotzingo,Huejotzingo,lavanderia_industrial,537.5603044903331,11255589,LAVANDERIA NATALI,solo_universo_actual,universo_actual
11446479,21074812210000791000000000U7,LAVANDERIA FAST & CLEAN,812210,Huejotzingo,Huejotzingo,lavanderia_industrial,727.8985332344357,11446479,LAVANDERIA FAST & CLEAN,solo_universo_actual,universo_actual
3325844,21074812210000321000000000U3,LAVANDERIA SUNY CLEAN,812210,Huejotzingo,Huejotzingo,lavanderia_industrial,156.14334659337044,3325844,LAVANDERIA SUNY CLEAN,solo_universo_actual,universo_actual
3326451,21074812210000281000000000U9,LAVANDERIA SAN MIGUEL,812210,Huejotzingo,Huejotzingo,lavanderia_industrial,10.842593542600799,3326451,LAVANDERIA SAN MIGUEL,solo_universo_actual,universo_actual
3419521,21074461110000221010000000U1,LAVANDERIA EL CHINO,812210,Huejotzingo,Huejotzingo,lavanderia_industrial,534.0963031912969,3419521,LAVANDERIA EL CHINO,solo_universo_actual,universo_actual
3419622,21074812210000061000000000U5,TINTORERIA LUCY,812210,Huejotzingo,Huejotzingo,lavanderia_industrial,844.1926638683314,3419622,TINTORERIA LUCY,solo_universo_actual,universo_actual
6272576,21074313310000034103000000U4,LAVADOS NACIONALES,313310,Huejotzingo,Huejotzingo,lavado_deslavado,82.96727557610313,6272576,LAVADOS NACIONALES,en_ambos,universo_actual
8089409,21074812210000441000000000U9,LAVANDERIA LONDRY CLOTHER,812210,Huejotzingo,Huejotzingo,lavanderia_industrial,68.79651963515347,8089409,LAVANDERIA LONDRY CLOTHER,solo_universo_actual,universo_actual
8089467,21074812210000461100000000U7,TINTORERIA SANTIAGO JACOBO,812210,Huejotzingo,Huejotzingo,lavanderia_industrial,739.1519498961986,8089467,TINTORERIA SANTIAGO JACOBO,solo_universo_actual,universo_actual
8089588,21074812210000481000000000U5,LAVANDERIA CONE ESPUMA,812210,Huejotzingo,Huejotzingo,lavanderia_industrial,100.35151564757052,8089588,LAVANDERIA CONE ESPUMA,solo_universo_actual,universo_actual
8121076,21074812210000511000000000U9,LAVANDERIA LUPITA,812210,Huejotzingo,Huejotzingo,lavanderia_industrial,472.10158692614095,8121076,LAVANDERIA LUPITA,solo_universo_actual,universo_actual
8271822,21074812210000391000000000U6,LAVANDERIA HUEJOTZINGO,812210,Huejotzingo,Huejotzingo,lavanderia_industrial,1138.2309815096196,8271822,LAVANDERIA HUEJOTZINGO,solo_universo_actual,universo_actual
8776988,21074812210000531000000000U7,LAVANDERIA LA BURBUJA,812210,Huejotzingo,Huejotzingo,lavanderia_industrial,130.87057749329674,8776988,LAVANDERIA LA BURBUJA,solo_universo_actual,universo_actual
9492182,21074812210000691000000000U9,LAVANDERIA SIN NOMBRE,812210,Huejotzingo,Huejotzingo,lavanderia_industrial,791.6867830367438,9492182,LAVANDERIA SIN NOMBRE,solo_universo_actual,universo_actual
9522648,21074812210000591000000000U1,TINTOWASH,812210,Huejotzingo,Huejotzingo,lavanderia_industrial,105.14881671981743,9522648,TINTOWASH,solo_universo_actual,universo_actual
9714434,21074812210000851000000000U9,LAVANDERIA LA BURBUJA,812210,Huejotzingo,Huejotzingo,lavanderia_industrial,421.64454640528623,9714434,LAVANDERIA LA BURBUJA,solo_universo_actual,universo_actual
10042837,21074812210000581000000000U2,LAVANDERIA KARAMELOS,812210,Huejotzingo,Huejotzingo,lavanderia_industrial,92.35093098643065,10042837,LAVANDERIA KARAMELOS,solo_universo_actual,universo_actual
10152379,21074812210000871000000000U7,LAVANDERIA LA ESTRELLA,812210,Huejotzingo,Huejotzingo,lavanderia_industrial,114.47266743672259,10152379,LAVANDERIA LA ESTRELLA,solo_universo_actual,universo_actual
10324576,21074812210000711000000000U5,LAVANDERIA EL WASHANSWER,812210,Huejotzingo,Huejotzingo,lavanderia_industrial,332.4995818598682,10324576,LAVANDERIA EL WASHANSWER,en_ambos,universo_actual
10408987,21074812210000652000000000U1,LAVANDERIA TORRES,812210,Huejotzingo,Huejotzingo,lavanderia_industrial,114.43163326312101,10408987,LAVANDERIA TORRES,solo_universo_actual,universo_actual
10664588,21074812210000821000000000U2,LAVANDERIA RAPIDIWASH,812210,Huejotzingo,Huejotzingo,lavanderia_industrial,233.96537148112492,10664588,LAVANDERIA RAPIDIWASH,solo_universo_actual,universo_actual
10732265,21074812210000831000000000U1,LAVANDERIA EXPRESES,812210,Huejotzingo,Huejotzingo,lavanderia_industrial,573.4306404307122,10732265,LAVANDERIA EXPRESES,solo_universo_actual,universo_actual
10747145,21074812210000631000000000U5,LAVANDERIA H2A,812210,Huejotzingo,Huejotzingo,lavanderia_industrial,724.5191268486911,10747145,LAVANDERIA H2A,en_ambos,universo_actual
10772217,21074812210000761000000000U0,LAVANDERIA SAN MIGUELITO,812210,Huejotzingo,Huejotzingo,lavanderia_industrial,997.1420912353991,10772217,LAVANDERIA SAN MIGUELITO,solo_universo_actual,universo_actual
10816501,21074812210000621000000000U6,LAVANDERIA LA BURBUJA LOCA,812210,Huejotzingo,Huejotzingo,lavanderia_industrial,36.71421014825283,10816501,LAVANDERIA LA BURBUJA LOCA,solo_universo_actual,universo_actual
10978442,21074812210000741000000000U2,MAGIC WASH SERVICIOS,812210,Huejotzingo,Huejotzingo,lavanderia_industrial,754.4336315324291,10978442,MAGIC WASH SERVICIOS,solo_universo_actual,universo_actual
11032714,21074312112000281000000000U2,LAVADO DE BOTELLAS,312112,Huejotzingo,Huejotzingo,lavado_deslavado,160.54712001055805,11032714,LAVADO DE BOTELLAS,solo_universo_actual,universo_actual
11194114,21074812210000891000000000U5,ATM LAVANDERIA,812210,Huejotzingo,Huejotzingo,lavanderia_industrial,478.43580887451094,11194114,ATM LAVANDERIA,en_ambos,universo_actual
11341938,21074812210000661000000000U2,LAVANDERIA KLING,812210,Huejotzingo,Huejotzingo,lavanderia_industrial,80.64136624894363,11341938,LAVANDERIA KLING,en_ambos,universo_actual
11495272,21074812210000881000000000U6,LAVANDERIA EASY WASH,812210,Huejotzingo,Huejotzingo,lavanderia_industrial,239.68415433557706,11495272,LAVANDERIA EASY WASH,solo_universo_actual,universo_actual
11499902,21074812210000611000000000U7,LAVANDERIA ATENDERTE ES UN PLACER,812210,Huejotzingo,Huejotzingo,lavanderia_industrial,46.27071678612237,11499902,LAVANDERIA ATENDERTE ES UN PLACER,solo_universo_actual,universo_actual
11580049,21074812210000901000000000U2,LAVANDERIA PLANCHADO Y TINTORERIA BUDY 24,812210,Huejotzingo,Huejotzingo,lavanderia_industrial,17.606644656624738,11580049,LAVANDERIA PLANCHADO Y TINTORERIA BUDY 24,solo_universo_actual,universo_actual
11684425,21074812210000701000000000U6,LAVANDERIA,812210,Huejotzingo,Huejotzingo,lavanderia_industrial,541.6830187665789,11684425,LAVANDERIA,solo_universo_actual,universo_actual
3263505,21132812210000241000000000U9,LAVANDERIA MILY,812210,San Martin Texmelucan,San Martin Texmelucan,lavanderia_industrial,313.75907021354396,3263505,LAVANDERIA MILY,solo_universo_actual,universo_actual
3273813,21132315229000691010000000U7,LAVANDERIA SIN NOMBRE,313310,San Martin Texmelucan,San Martin Texmelucan,lavanderia_industrial,644.988036568674,3273813,LAVANDERIA SIN NOMBRE,solo_universo_actual,universo_actual
3325286,21132812210000521000000000U4,LAVANDERIA LULU,812210,San Martin Texmelucan,San Martin Texmelucan,lavanderia_industrial,408.969466203585,3325286,LAVANDERIA LULU,solo_universo_actual,universo_actual
7583002,21132812210000711000000000U1,LAVANDERIA CONY,812210,San Martin Texmelucan,San Martin Texmelucan,lavanderia_industrial,376.15167917432734,7583002,LAVANDERIA CONY,solo_universo_actual,universo_actual
7726723,29019812210000232001000000U9,MELASA LAVADO Y PROCESO SECO,812210,San Martin Texmelucan,San Martin Texmelucan,lavado_deslavado,67.64718883838799,7726723,MELASA LAVADO Y PROCESO SECO,solo_universo_actual,universo_actual
8125958,29019812210000321010000000U0,LAVANDERIA FLORES,313310,San Martin Texmelucan,San Martin Texmelucan,lavanderia_industrial,587.3262381087603,8125958,LAVANDERIA FLORES,solo_universo_actual,universo_actual
8125959,29019315229000811000000000U2,MAQUILA DE PANTALON DE MEZCLILLA,315229,San Martin Texmelucan,San Martin Texmelucan,fabricacion_mezclilla,479.7937189953456,8125959,MAQUILA DE PANTALON DE MEZCLILLA,solo_universo_actual,universo_actual
8126134,29019315229000841010000000U9,MAQUILA PANTALON DE MEZCLILLA DESLAVADO,313310,San Martin Texmelucan,San Martin Texmelucan,lavado_deslavado,277.6758097941454,8126134,MAQUILA PANTALON DE MEZCLILLA DESLAVADO,solo_universo_actual,universo_actual
8950452,21132812210000911000000000U7,LAVANDERIA CASCADA,812210,San Martin Texmelucan,San Martin Texmelucan,lavanderia_industrial,421.5151402191334,8950452,LAVANDERIA CASCADA,solo_universo_actual,universo_actual
9669717,21132532210000021000000000U4,LAVANDERIATEXTIL,532210,San Martin Texmelucan,San Martin Texmelucan,lavanderia_industrial,266.2255126408986,9669717,LAVANDERIATEXTIL,solo_universo_actual,universo_actual
9801137,29019315229000941000000000U7,MAQUILA DE PANTALON DE MEZCLILLA,315229,San Martin Texmelucan,San Martin Texmelucan,fabricacion_mezclilla,208.04590254244556,9801137,MAQUILA DE PANTALON DE MEZCLILLA,solo_universo_actual,universo_actual
10046052,21132812210001191000000000U5,LAVANDERIA CANDY,812210,San Martin Texmelucan,San Martin Texmelucan,lavanderia_industrial,141.3190076422797,10046052,LAVANDERIA CANDY,solo_universo_actual,universo_actual
10170764,21132812210001471000000000U1,LAVANDERIA LAVA FRESH,812210,San Martin Texmelucan,San Martin Texmelucan,lavanderia_industrial,344.78091924760713,10170764,LAVANDERIA LAVA FRESH,solo_universo_actual,universo_actual
10240997,29019812210000481000000000U2,LAVANDERIA EXPRES,812210,San Martin Texmelucan,San Martin Texmelucan,lavanderia_industrial,67.64718883838799,10240997,LAVANDERIA EXPRES,solo_universo_actual,universo_actual
10534718,21132812210001311000000000U9,LAVANDERIA SIN NOMBRE,812210,San Martin Texmelucan,San Martin Texmelucan,lavanderia_industrial,100.55480868094538,10534718,LAVANDERIA SIN NOMBRE,solo_universo_actual,universo_actual
10760884,29019812210000431000000000U7,LAVANDERIA BURBUJAS,812210,San Martin Texmelucan,San Martin Texmelucan,lavanderia_industrial,28.541544186164135,10760884,LAVANDERIA BURBUJAS,solo_universo_actual,universo_actual
10796413,21132812210001521000000000U3,LAVANDERIA GREMMIX,812210,San Martin Texmelucan,San Martin Texmelucan,lavanderia_industrial,251.59930868150664,10796413,LAVANDERIA GREMMIX,solo_universo_actual,universo_actual
10815667,29019315229001611000000000U5,MAQUILA DE PANTALON DE MEZCLILLA SIN NOMBRE,315229,San Martin Texmelucan,San Martin Texmelucan,fabricacion_mezclilla,12.675830703052847,10815667,MAQUILA DE PANTALON DE MEZCLILLA SIN NOMBRE,solo_universo_actual,universo_actual
10913117,29019315229001671000000000U9,MAQUILA DE PANTALON DE MEZCLILLA,315229,San Martin Texmelucan,San Martin Texmelucan,fabricacion_mezclilla,740.0264249081165,10913117,MAQUILA DE PANTALON DE MEZCLILLA,solo_universo_actual,universo_actual
11041629,21132812210001271000000000U5,LA LAVANDERIA SIN NOMBRE,812210,San Martin Texmelucan,San Martin Texmelucan,lavanderia_industrial,652.7865004224084,11041629,LA LAVANDERIA SIN NOMBRE,solo_universo_actual,universo_actual
11108879,21132812210001501000000000U5,LAVANDERIA SIN NOMBRE,812210,San Martin Texmelucan,San Martin Texmelucan,lavanderia_industrial,225.66514644828513,11108879,LAVANDERIA SIN NOMBRE,solo_universo_actual,universo_actual
11303863,21132812210001561000000000U9,LAVANDERIA LA BURBUJA DORADA,812210,San Martin Texmelucan,San Martin Texmelucan,lavanderia_industrial,51.35541618168324,11303863,LAVANDERIA LA BURBUJA DORADA,solo_universo_actual,universo_actual
11333651,29019315229001591000000000U9,MAQUILA DE PANTALON DE MEZCLILLA,315229,San Martin Texmelucan,San Martin Texmelucan,fabricacion_mezclilla,593.5500768526898,11333651,MAQUILA DE PANTALON DE MEZCLILLA,solo_universo_actual,universo_actual
11430400,21132812210001161000000000U8,SERVICLEAN,812210,San Martin Texmelucan,San Martin Texmelucan,lavanderia_industrial,268.7152505527339,11430400,SERVICLEAN,solo_universo_actual,universo_actual
11564100,21132812210001651000000000U8,LAVANDERIA JAZMIN,812210,San Martin Texmelucan,San Martin Texmelucan,lavanderia_industrial,368.8469385234593,11564100,LAVANDERIA JAZMIN,solo_universo_actual,universo_actual
3264041,21132812210000031000000000U4,LAVANDERIA LAVATEX,812210,San Martin Texmelucan,San Martin Texmelucan,lavanderia_industrial,208.04590254244556,3264041,LAVANDERIA LAVATEX,solo_universo_actual,universo_actual
3267977,21132812210000261000000000U7,LAVANDERIA MORMAC,812210,San Martin Texmelucan,San Martin Texmelucan,lavanderia_industrial,282.2679521293506,3267977,LAVANDERIA MORMAC,solo_universo_actual,universo_actual
3268936,21132812210000491000000000U0,LAVANDERIA CRISTAL,812210,San Martin Texmelucan,San Martin Texmelucan,lavanderia_industrial,1.1582925523799366,3268936,LAVANDERIA CRISTAL,solo_universo_actual,universo_actual
3273826,21132812210000332000000000U6,LAVANDERIA SIN NOMBRE,812210,San Martin Texmelucan,San Martin Texmelucan,lavanderia_industrial,370.18066885613314,3273826,LAVANDERIA SIN NOMBRE,solo_universo_actual,universo_actual
3323201,21132812210000471000000000U2,LAVANDERIA LAVA FAST,812210,San Martin Texmelucan,San Martin Texmelucan,lavanderia_industrial,195.23018543683887,3323201,LAVANDERIA LAVA FAST,solo_universo_actual,universo_actual
3323717,21132812210000431000000000U6,TINTORERIA Y LAVANDERIA AMERICAN,812210,San Martin Texmelucan,San Martin Texmelucan,lavanderia_industrial,201.95136894474643,3323717,TINTORERIA Y LAVANDERIA AMERICAN,solo_universo_actual,universo_actual
4185221,29019812210000212002000000U1,LAVANDERIA,812210,San Martin Texmelucan,San Martin Texmelucan,lavanderia_industrial,202.08583811084117,4185221,LAVANDERIA,solo_universo_actual,universo_actual
7583005,21132812210000721000000000U0,HIPERCLEAN,812210,San Martin Texmelucan,San Martin Texmelucan,lavanderia_industrial,184.2610883111232,7583005,HIPERCLEAN,solo_universo_actual,universo_actual
8077338,21132812210000961000000000U2,LAVANDERIAS DE AUTOSERVICIO DOLPHIN CLEAN,812210,San Martin Texmelucan,San Martin Texmelucan,lavanderia_industrial,543.2283977394627,8077338,LAVANDERIAS DE AUTOSERVICIO DOLPHIN CLEAN,solo_universo_actual,universo_actual
8119947,21132812210001031000000000U3,LAVANDERIA LOS VOLCANES,812210,San Martin Texmelucan,San Martin Texmelucan,lavanderia_industrial,394.70253057607266,8119947,LAVANDERIA LOS VOLCANES,solo_universo_actual,universo_actual
8120060,21132812210001041000000000U2,TINTORERIA Y LAVANDERIA YAÑEZ,812210,San Martin Texmelucan,San Martin Texmelucan,lavanderia_industrial,495.1096903700895,8120060,TINTORERIA Y LAVANDERIA YAÑEZ,solo_universo_actual,universo_actual
8125899,29019315229000791000000000U6,MAQUILA DE PANTALON DE MEZCLILLA,315229,San Martin Texmelucan,San Martin Texmelucan,fabricacion_mezclilla,180.61540217021454,8125899,MAQUILA DE PANTALON DE MEZCLILLA,solo_universo_actual,universo_actual
8126068,29019315229000831001000000U0,MAQUILA DE PANTALON DE MEZCLILLA SIN NOMBRE,315229,San Martin Texmelucan,San Martin Texmelucan,fabricacion_mezclilla,272.2035991005979,8126068,MAQUILA DE PANTALON DE MEZCLILLA SIN NOMBRE,solo_universo_actual,universo_actual
8126132,29019812210000361010000000U6,LAVANDERIA SIN NOMBRE,313310,San Martin Texmelucan,San Martin Texmelucan,lavanderia_industrial,698.7030552584596,8126132,LAVANDERIA SIN NOMBRE,solo_universo_actual,universo_actual
8126301,29019315229000902001000000U9,MAQUILA Y FABRICACION DE PANTALON DE MEZCLILLA,315229,San Martin Texmelucan,San Martin Texmelucan,fabricacion_mezclilla,190.1510944592448,8126301,MAQUILA Y FABRICACION DE PANTALON DE MEZCLILLA,solo_universo_actual,universo_actual
8126350,29019313310000041001000000U6,LAVANDERIA Y TINTORERIA ECOLAK,313310,San Martin Texmelucan,San Martin Texmelucan,lavanderia_industrial,511.21180262629287,8126350,LAVANDERIA Y TINTORERIA ECOLAK,solo_universo_actual,universo_actual
8272002,21132812210000891000000000U1,LAVANDERIA KADILO,812210,San Martin Texmelucan,San Martin Texmelucan,lavanderia_industrial,385.91486200577083,8272002,LAVANDERIA KADILO,solo_universo_actual,universo_actual
9398880,29015812210000113000053895S9,LAVARTEX TLAXCALA,812210,San Martin Texmelucan,San Martin Texmelucan,lavanderia_industrial,265.95149923315563,9398880,LAVARTEX TLAXCALA,solo_universo_actual,universo_actual
9541793,21132812210001461000000000U2,LAVANDERIA,812210,San Martin Texmelucan,San Martin Texmelucan,lavanderia_industrial,466.3631304842407,9541793,LAVANDERIA,solo_universo_actual,universo_actual
9549827,21132812210001301000000000U0,LAVANDERIA BURBU POP,812210,San Martin Texmelucan,San Martin Texmelucan,lavanderia_industrial,282.1301157868712,9549827,LAVANDERIA BURBU POP,solo_universo_actual,universo_actual
9551535,29019315229001091000000000U0,MAQUILA DE PANTALON DE MEZCLILLA SIN NOMBRE,315229,San Martin Texmelucan,San Martin Texmelucan,fabricacion_mezclilla,903.654733216334,9551535,MAQUILA DE PANTALON DE MEZCLILLA SIN NOMBRE,solo_universo_actual,universo_actual
9626261,21132465311003511000000000U8,GLORIA LAVANDERIA,812210,San Martin Texmelucan,San Martin Texmelucan,lavanderia_industrial,88.23295215853511,9626261,GLORIA LAVANDERIA,solo_universo_actual,universo_actual
9699201,21143812210000141000000000U8,LAVANDERIA GARRITAS CLEAN,812210,San Martin Texmelucan,San Martin Texmelucan,lavanderia_industrial,276.5975033369674,9699201,LAVANDERIA GARRITAS CLEAN,solo_universo_actual,universo_actual
9713653,29019315229001501000000000U8,MAQUILA DE PANTALON DE MEZCLILLA SIN NOMBRE,315229,San Martin Texmelucan,San Martin Texmelucan,fabricacion_mezclilla,169.95486840742853,9713653,MAQUILA DE PANTALON DE MEZCLILLA SIN NOMBRE,solo_universo_actual,universo_actual
9738307,21132812210001231000000000U9,LAVANDERIA JOBS,812210,San Martin Texmelucan,San Martin Texmelucan,lavanderia_industrial,304.0976935828767,9738307,LAVANDERIA JOBS,solo_universo_actual,universo_actual
9758014,29019315229001151000000000U2,MAQUILA DE PANTALON DE MEZCLILLA SIN NOMBRE,315229,San Martin Texmelucan,San Martin Texmelucan,fabricacion_mezclilla,385.91486200577083,9758014,MAQUILA DE PANTALON DE MEZCLILLA SIN NOMBRE,solo_universo_actual,universo_actual
9918502,29019812210000491000000000U1,SERVICIO DE LAVANDERIA EL TIBU,812210,San Martin Texmelucan,San Martin Texmelucan,lavanderia_industrial,170.75149555634894,9918502,SERVICIO DE LAVANDERIA EL TIBU,solo_universo_actual,universo_actual
9960329,21132812210001632000000000U8,LAVANDERIA ALEXANDRA,812210,San Martin Texmelucan,San Martin Texmelucan,lavanderia_industrial,82.96601216057526,9960329,LAVANDERIA ALEXANDRA,solo_universo_actual,universo_actual
9978507,21132812210001391000000000U1,LAVANDERIA MR BUBBLES,812210,San Martin Texmelucan,San Martin Texmelucan,lavanderia_industrial,249.69246141682987,9978507,LAVANDERIA MR BUBBLES,solo_universo_actual,universo_actual
9999506,29019812210000451000000000U5,LAVANDERIA DE PANTALON DE MEZCLILLA,812210,San Martin Texmelucan,San Martin Texmelucan,lavanderia_industrial,115.45728833362429,9999506,LAVANDERIA DE PANTALON DE MEZCLILLA,solo_universo_actual,universo_actual
10031564,29019315229001351000000000U8,FABRICACION DE PANTALON DE MEZCLILLA SIN NOMBRE,315229,San Martin Texmelucan,San Martin Texmelucan,fabricacion_mezclilla,444.92297806997465,10031564,FABRICACION DE PANTALON DE MEZCLILLA SIN NOMBRE,solo_universo_actual,universo_actual
10154898,21143812210000061000000000U8,LAVANDERIA Y TINTORERIA CRUZ,812210,San Martin Texmelucan,San Martin Texmelucan,lavanderia_industrial,420.20231595846474,10154898,LAVANDERIA Y TINTORERIA CRUZ,solo_universo_actual,universo_actual
10243314,29019315123000061000000000U9,MAQUILA DE PANTALON DE MEZCLILLA,315229,San Martin Texmelucan,San Martin Texmelucan,fabricacion_mezclilla,304.8406834181382,10243314,MAQUILA DE PANTALON DE MEZCLILLA,solo_universo_actual,universo_actual
10373718,21132812210001611000000000U2,LAVANDERIA BRILLANTE,812210,San Martin Texmelucan,San Martin Texmelucan,lavanderia_industrial,590.8948834460585,10373718,LAVANDERIA BRILLANTE,solo_universo_actual,universo_actual
10426855,29019812210000401000000000U0,LAVANDERIA LA TORTUGA,812210,San Martin Texmelucan,San Martin Texmelucan,lavanderia_industrial,650.4937352291363,10426855,LAVANDERIA LA TORTUGA,solo_universo_actual,universo_actual
10629510,29019313310000122000000000U4,LAVANDERIA SAN MIGUEL,313310,San Martin Texmelucan,San Martin Texmelucan,lavanderia_industrial,430.7070684827034,10629510,LAVANDERIA SAN MIGUEL,solo_universo_actual,universo_actual
10701786,21132812210001341000000000U6,LAVANDERIA SIN NOMBRE,812210,San Martin Texmelucan,San Martin Texmelucan,lavanderia_industrial,385.91486200577083,10701786,LAVANDERIA SIN NOMBRE,solo_universo_actual,universo_actual
10881479,29019315229001701000000000U4,MAQUILA DE PANTALON DE MEZCLILLA,315229,San Martin Texmelucan,San Martin Texmelucan,fabricacion_mezclilla,562.7614522549773,10881479,MAQUILA DE PANTALON DE MEZCLILLA,solo_universo_actual,universo_actual
11154016,21143812210000071000000000U7,ACTIVIDADES DENTRO DE LA VIVIENDA,812210,San Martin Texmelucan,San Martin Texmelucan,lavanderia_industrial,378.7943183836415,11154016,ACTIVIDADES DENTRO DE LA VIVIENDA,solo_universo_actual,universo_actual
11341985,21132812210001351000000000U5,AUXILIAR TINTORERIA Y LAVANDERIA YAÑEZ,812210,San Martin Texmelucan,San Martin Texmelucan,lavanderia_industrial,21.67254352432542,11341985,AUXILIAR TINTORERIA Y LAVANDERIA YAÑEZ,solo_universo_actual,universo_actual
11429037,21132812210001211000000000U1,LAVANDERIA MINY,812210,San Martin Texmelucan,San Martin Texmelucan,lavanderia_industrial,130.05761110479125,11429037,LAVANDERIA MINY,solo_universo_actual,universo_actual
3260147,21132541110000331010000000U8,LAVANDERIA ECOTEX,812210,San Martin Texmelucan,San Martin Texmelucan,lavanderia_industrial,278.3470359180488,3260147,LAVANDERIA ECOTEX,solo_universo_actual,universo_actual
3260321,21132812210000061000000000U1,LAVANDERIA LA ESTRELLA,812210,San Martin Texmelucan,San Martin Texmelucan,lavanderia_industrial,397.25101389018613,3260321,LAVANDERIA LA ESTRELLA,solo_universo_actual,universo_actual
3265607,21132812210000311000000000U0,TINTORERIA AMERICAN,812210,San Martin Texmelucan,San Martin Texmelucan,lavanderia_industrial,434.88980179020854,3265607,TINTORERIA AMERICAN,solo_universo_actual,universo_actual
3265664,21132812210000271000000000U6,TINTORERIAS Y LAVANDERIAS CABRERA,812210,San Martin Texmelucan,San Martin Texmelucan,lavanderia_industrial,385.91486200577083,3265664,TINTORERIAS Y LAVANDERIAS CABRERA,solo_universo_actual,universo_actual
3267098,21132812210000201000000000U3,TINTORERIA AMERICAN,812210,San Martin Texmelucan,San Martin Texmelucan,lavanderia_industrial,536.7388653053159,3267098,TINTORERIA AMERICAN,solo_universo_actual,universo_actual
3267105,21132812210000161000000000U9,LAVANDERIA AMERICAN,812210,San Martin Texmelucan,San Martin Texmelucan,lavanderia_industrial,521.519523133167,3267105,LAVANDERIA AMERICAN,solo_universo_actual,universo_actual
3268785,21132722219001371020000000U3,LAVANDERIA ESPINOZA,812210,San Martin Texmelucan,San Martin Texmelucan,lavanderia_industrial,1129.541455517534,3268785,LAVANDERIA ESPINOZA,solo_universo_actual,universo_actual
3321879,21132812210000611000000000U3,LAVANDERIA ORION,812210,San Martin Texmelucan,San Martin Texmelucan,lavanderia_industrial,663.1577557660574,3321879,LAVANDERIA ORION,solo_universo_actual,universo_actual
3323698,21132222111000112011015137S6,PLANTA DE TRATAMIENTO DE AGUAS RESIDUALES SAN MARTIN TEXMELUCAN PUEBLA,221312,San Martin Texmelucan,San Martin Texmelucan,acabado_textil,283.93505498894984,3323698,PLANTA DE TRATAMIENTO DE AGUAS RESIDUALES SAN MARTIN TEXMELUCAN PUEBLA,solo_universo_actual,universo_actual
3324661,21132812210000481000000000U9,LAVANDERIA LA CIENEGA,812210,San Martin Texmelucan,San Martin Texmelucan,lavanderia_industrial,614.0179375610179,3324661,LAVANDERIA LA CIENEGA,solo_universo_actual,universo_actual
3411866,21132812210000621000000000U2,LAVANDERIA EL NILO,812210,San Martin Texmelucan,San Martin Texmelucan,lavanderia_industrial,75.84738889598334,3411866,LAVANDERIA EL NILO,solo_universo_actual,universo_actual
4185235,29019315229000411100000000U1,MAQUILA DE PANTALON DE MEZCLILLA,315229,San Martin Texmelucan,San Martin Texmelucan,fabricacion_mezclilla,347.9441371331298,4185235,MAQUILA DE PANTALON DE MEZCLILLA,solo_universo_actual,universo_actual
6696221,21143812210000041011000000U0,LAVANDERIA DE REYES,313310,San Martin Texmelucan,San Martin Texmelucan,lavanderia_industrial,67.64718883838799,6696221,LAVANDERIA DE REYES,solo_universo_actual,universo_actual
7583108,21132812210000731100000000U9,LAVANDERIA KADILO,812210,San Martin Texmelucan,San Martin Texmelucan,lavanderia_industrial,249.14224065166218,7583108,LAVANDERIA KADILO,solo_universo_actual,universo_actual
7583122,21132812210000741000000000U8,LAVANDERIA LA RANITA,812210,San Martin Texmelucan,San Martin Texmelucan,lavanderia_industrial,556.9224924550313,7583122,LAVANDERIA LA RANITA,solo_universo_actual,universo_actual
7583266,21132812210000761000000000U6,LAVANDERIA 5 DE MAYO,812210,San Martin Texmelucan,San Martin Texmelucan,lavanderia_industrial,855.3046441455074,7583266,LAVANDERIA 5 DE MAYO,solo_universo_actual,universo_actual
7583401,21132812210000781000000000U4,MAXI CLEAN,812210,San Martin Texmelucan,San Martin Texmelucan,lavanderia_industrial,6.479976602325017,7583401,MAXI CLEAN,solo_universo_actual,universo_actual
7583541,21132812210000821000000000U8,LAVANDERIA KADILO,812210,San Martin Texmelucan,San Martin Texmelucan,lavanderia_industrial,263.6077515261815,7583541,LAVANDERIA KADILO,solo_universo_actual,universo_actual
7583736,21132434211000621110000000U8,LAVANDERIA MIA,812210,San Martin Texmelucan,San Martin Texmelucan,lavanderia_industrial,456.44509427625025,7583736,LAVANDERIA MIA,solo_universo_actual,universo_actual
8077093,21132812210000931100000000U5,LAVANDERIA SAN MARTIN,812210,San Martin Texmelucan,San Martin Texmelucan,lavanderia_industrial,523.0148349886548,8077093,LAVANDERIA SAN MARTIN,solo_universo_actual,universo_actual
8077118,21132812210000941000000000U4,LAVANDERIA PEREZ,812210,San Martin Texmelucan,San Martin Texmelucan,lavanderia_industrial,56.33305013404188,8077118,LAVANDERIA PEREZ,solo_universo_actual,universo_actual
8077429,21132812210000981000000000U0,LUCERAMIC,812210,San Martin Texmelucan,San Martin Texmelucan,lavanderia_industrial,171.31167762625893,8077429,LUCERAMIC,solo_universo_actual,universo_actual
8077687,21132812210001021000000000U4,LAVANDERIA LA ESPUMITA,812210,San Martin Texmelucan,San Martin Texmelucan,lavanderia_industrial,133.00384850456382,8077687,LAVANDERIA LA ESPUMITA,solo_universo_actual,universo_actual
8119994,21132315229004071000000000U8,TINTORERIA MAYKITOS,315229,San Martin Texmelucan,San Martin Texmelucan,tenido_tintoreria,352.6756995666512,8119994,TINTORERIA MAYKITOS,solo_universo_actual,universo_actual
8125471,29019315229000761000000000U9,MAQUILA DE PANTALON DE MEZCLILLA,315229,San Martin Texmelucan,San Martin Texmelucan,fabricacion_mezclilla,222.54866702358035,8125471,MAQUILA DE PANTALON DE MEZCLILLA,solo_universo_actual,universo_actual
8125475,29019315229000771100000000U8,MAQUILA DE PANTALON DE MEZCLILLA SIN NOMBRE,315229,San Martin Texmelucan,San Martin Texmelucan,fabricacion_mezclilla,391.73207181656505,8125475,MAQUILA DE PANTALON DE MEZCLILLA SIN NOMBRE,solo_universo_actual,universo_actual
8126022,29019315229000821000000000U1,MAQUILA DE PANTALON DE MEZCLILLA,315229,San Martin Texmelucan,San Martin Texmelucan,fabricacion_mezclilla,265.9454008815527,8126022,MAQUILA DE PANTALON DE MEZCLILLA,solo_universo_actual,universo_actual
8126352,29019315229000921000000000U9,MAQUILA DE PANTALON DE MEZCLILLA SIN NOMBRE,315229,San Martin Texmelucan,San Martin Texmelucan,fabricacion_mezclilla,126.25606090857825,8126352,MAQUILA DE PANTALON DE MEZCLILLA SIN NOMBRE,solo_universo_actual,universo_actual
8271635,21132812210000861000000000U4,LAVANDERIA SPLASH,812210,San Martin Texmelucan,San Martin Texmelucan,lavanderia_industrial,338.8251995015268,8271635,LAVANDERIA SPLASH,solo_universo_actual,universo_actual
8272142,21132812210000901000000000U8,TINTORERIA M Y M,812210,San Martin Texmelucan,San Martin Texmelucan,lavanderia_industrial,182.27560262392623,8272142,TINTORERIA M Y M,solo_universo_actual,universo_actual
8777150,21132812210001111000000000U3,LAVANDERIA SAN MARTIN,812210,San Martin Texmelucan,San Martin Texmelucan,lavanderia_industrial,639.770956486397,8777150,LAVANDERIA SAN MARTIN,solo_universo_actual,universo_actual
8914065,29019812210000241000000000U0,PROCESOS Y TEÑIDOS,313310,San Martin Texmelucan,San Martin Texmelucan,tenido_tintoreria,553.8187422038986,8914065,PROCESOS Y TEÑIDOS,solo_universo_actual,universo_actual
9110899,21132812210001141000000000U0,LAVANDERIA YOSS,812210,San Martin Texmelucan,San Martin Texmelucan,lavanderia_industrial,451.383935881774,9110899,LAVANDERIA YOSS,solo_universo_actual,universo_actual
9323680,29019812210000371000000000U5,LAVANDERIA SIN NOMBRE,812210,San Martin Texmelucan,San Martin Texmelucan,lavanderia_industrial,330.28125985402096,9323680,LAVANDERIA SIN NOMBRE,solo_universo_actual,universo_actual
9537198,21132812210001381000000000U2,LAVANDERIA MR CLEAN,812210,San Martin Texmelucan,San Martin Texmelucan,lavanderia_industrial,805.3717521759643,9537198,LAVANDERIA MR CLEAN,solo_universo_actual,universo_actual
9573427,21132812210001171000000000U7,LAVANDERIA LUPITA,812210,San Martin Texmelucan,San Martin Texmelucan,lavanderia_industrial,133.9949469221748,9573427,LAVANDERIA LUPITA,solo_universo_actual,universo_actual
9602537,21132812210001361000000000U4,LAVANDERIA DE ROPA MR LAUNDRY,812210,San Martin Texmelucan,San Martin Texmelucan,lavanderia_industrial,216.50464405142728,9602537,LAVANDERIA DE ROPA MR LAUNDRY,solo_universo_actual,universo_actual
9613470,29019315229001311000000000U2,MAQUILA DE PANTALON DE MEZCLILLA SIN NOMBRE,315229,San Martin Texmelucan,San Martin Texmelucan,fabricacion_mezclilla,468.6060997141751,9613470,MAQUILA DE PANTALON DE MEZCLILLA SIN NOMBRE,solo_universo_actual,universo_actual
9726139,21132812210001241000000000U8,LAVA EXPRESS,812210,San Martin Texmelucan,San Martin Texmelucan,lavanderia_industrial,188.25827730028274,9726139,LAVA EXPRESS,solo_universo_actual,universo_actual
9744483,29019812210000391000000000U3,LAVANDERIA A&E,812210,San Martin Texmelucan,San Martin Texmelucan,lavanderia_industrial,352.9796653140392,9744483,LAVANDERIA A&E,solo_universo_actual,universo_actual
9761671,29019315229001411000000000U0,MAQUILA DE PRENDA DE VESTIR DE MEZCLILLA,315229,San Martin Texmelucan,San Martin Texmelucan,fabricacion_mezclilla,431.9939008605509,9761671,MAQUILA DE PRENDA DE VESTIR DE MEZCLILLA,solo_universo_actual,universo_actual
9845985,21132812210001511000000000U4,LAVANDERIA LOS LAVADEROS,812210,San Martin Texmelucan,San Martin Texmelucan,lavanderia_industrial,183.56881529489272,9845985,LAVANDERIA LOS LAVADEROS,solo_universo_actual,universo_actual
9848042,21143812210000121000000000U0,LAVANDERIA LA RANITA LUCAS,812210,San Martin Texmelucan,San Martin Texmelucan,lavanderia_industrial,527.4489632885278,9848042,LAVANDERIA LA RANITA LUCAS,solo_universo_actual,universo_actual
9939011,21132812210001661000000000U7,LAVANDERIA SPLASH EL ESPUMOSO,812210,San Martin Texmelucan,San Martin Texmelucan,lavanderia_industrial,761.6437405523511,9939011,LAVANDERIA SPLASH EL ESPUMOSO,solo_universo_actual,universo_actual
9973420,21132812210001581000000000U7,LAVANDERIA AQUA IN,812210,San Martin Texmelucan,San Martin Texmelucan,lavanderia_industrial,725.5615136245455,9973420,LAVANDERIA AQUA IN,solo_universo_actual,universo_actual
10002080,29019315229001421000000000U9,MAQUILA DE PANTALON DE MEZCLILLA SIN NOMBRE,315229,San Martin Texmelucan,San Martin Texmelucan,fabricacion_mezclilla,848.579828212076,10002080,MAQUILA DE PANTALON DE MEZCLILLA SIN NOMBRE,solo_universo_actual,universo_actual
10022938,29019313310000081000000000U2,LAVANDERIA UNIVERSAL,313310,San Martin Texmelucan,San Martin Texmelucan,lavanderia_industrial,596.5153902586233,10022938,LAVANDERIA UNIVERSAL,solo_universo_actual,universo_actual
10044580,21132812210001491000000000U9,LAVANDERIA CHELY,812210,San Martin Texmelucan,San Martin Texmelucan,lavanderia_industrial,505.55585340390354,10044580,LAVANDERIA CHELY,solo_universo_actual,universo_actual
10089394,21132812210001201000000000U2,LAVANDERIA CHEMO,812210,San Martin Texmelucan,San Martin Texmelucan,lavanderia_industrial,186.80820015713766,10089394,LAVANDERIA CHEMO,solo_universo_actual,universo_actual
10096190,29019812210000411000000000U9,LAVANDERIA SHINY BUBBLES,812210,San Martin Texmelucan,San Martin Texmelucan,lavanderia_industrial,496.8768454434596,10096190,LAVANDERIA SHINY BUBBLES,solo_universo_actual,universo_actual
10149564,21132812210001531000000000U2,ZAM LAVANDERIA,812210,San Martin Texmelucan,San Martin Texmelucan,lavanderia_industrial,460.8687077034069,10149564,ZAM LAVANDERIA,solo_universo_actual,universo_actual
10150976,29019315229001371000000000U6,LAVANDERIA Y PROCESADORA DE MEZCLILLA STON BLUE,315229,San Martin Texmelucan,San Martin Texmelucan,lavanderia_industrial,292.65909499374425,10150976,LAVANDERIA Y PROCESADORA DE MEZCLILLA STON BLUE,solo_universo_actual,universo_actual
10185110,21132812210001541000000000U1,LAVANDERIA MAGIC CLEAN,812210,San Martin Texmelucan,San Martin Texmelucan,lavanderia_industrial,756.3276686977733,10185110,LAVANDERIA MAGIC CLEAN,solo_universo_actual,universo_actual
10205043,21132812210001481000000000U0,LAVANDERIA Y TINTORERIA CUZ,812210,San Martin Texmelucan,San Martin Texmelucan,lavanderia_industrial,643.6142391992038,10205043,LAVANDERIA Y TINTORERIA CUZ,solo_universo_actual,universo_actual
10214543,21143812210000131000000000U9,LAVANDERIA SUAREZ,812210,San Martin Texmelucan,San Martin Texmelucan,lavanderia_industrial,613.4133905758817,10214543,LAVANDERIA SUAREZ,solo_universo_actual,universo_actual
10216999,21132812210001441000000000U4,LAVANDERIA CHELY,812210,San Martin Texmelucan,San Martin Texmelucan,lavanderia_industrial,444.38877109304804,10216999,LAVANDERIA CHELY,solo_universo_actual,universo_actual
10393290,21132812210001641000000000U9,LAVANDERIA BUBBLE,812210,San Martin Texmelucan,San Martin Texmelucan,lavanderia_industrial,124.83487459060645,10393290,LAVANDERIA BUBBLE,solo_universo_actual,universo_actual
10486885,21132812210001321000000000U8,LAVANDERIA LEON,812210,San Martin Texmelucan,San Martin Texmelucan,lavanderia_industrial,177.93757438071344,10486885,LAVANDERIA LEON,solo_universo_actual,universo_actual
10499350,21143812210000102000000000U0,LAVANDERIA SAN LUCAS,812210,San Martin Texmelucan,San Martin Texmelucan,lavanderia_industrial,409.78255577502625,10499350,LAVANDERIA SAN LUCAS,solo_universo_actual,universo_actual
10506496,29019812210000442000000000U4,LAVANDERIA Y PROCESADORA DE MEZCLILLA SIN NOMBRE,812210,San Martin Texmelucan,San Martin Texmelucan,lavanderia_industrial,372.29233270481336,10506496,LAVANDERIA Y PROCESADORA DE MEZCLILLA SIN NOMBRE,solo_universo_actual,universo_actual
10530595,29019315229001361000000000U7,MAQUILA DE PANTALON DE MEZCLILLA,315229,San Martin Texmelucan,San Martin Texmelucan,fabricacion_mezclilla,314.5313779472349,10530595,MAQUILA DE PANTALON DE MEZCLILLA,solo_universo_actual,universo_actual
10549907,21132434219000041000000000U2,ACABADOS RESINCIALES SAN MIGUEL,434219,San Martin Texmelucan,San Martin Texmelucan,acabado_textil,167.9712292312996,10549907,ACABADOS RESINCIALES SAN MIGUEL,solo_universo_actual,universo_actual
10581833,21132812210001261000000000U6,LAVANDERIA TERE,812210,San Martin Texmelucan,San Martin Texmelucan,lavanderia_industrial,372.2731409607277,10581833,LAVANDERIA TERE,solo_universo_actual,universo_actual
10591660,29019315229001511000000000U7,MAQUILA DE PANTALON DE MEZCLILLA,315229,San Martin Texmelucan,San Martin Texmelucan,fabricacion_mezclilla,351.08676628578786,10591660,MAQUILA DE PANTALON DE MEZCLILLA,solo_universo_actual,universo_actual
10704585,29019315229001081000000000U1,MAQUILA DE PANTALON DE MEZCLILLA,315229,San Martin Texmelucan,San Martin Texmelucan,fabricacion_mezclilla,532.0662871756601,10704585,MAQUILA DE PANTALON DE MEZCLILLA,solo_universo_actual,universo_actual
10859241,21132812210001181000000000U6,LA BURBUJITA,812210,San Martin Texmelucan,San Martin Texmelucan,lavanderia_industrial,141.70118314461334,10859241,LA BURBUJITA,solo_universo_actual,universo_actual
10952820,29019315229001491000000000U2,MAQUILA DE PANTALON DE MEZCLILLA SIN NOMBRE,315229,San Martin Texmelucan,San Martin Texmelucan,fabricacion_mezclilla,699.2266306105826,10952820,MAQUILA DE PANTALON DE MEZCLILLA SIN NOMBRE,solo_universo_actual,universo_actual
10994072,21132812210001601000000000U3,LAVANDERIA SIN NOMBRE,812210,San Martin Texmelucan,San Martin Texmelucan,lavanderia_industrial,351.08676628578786,10994072,LAVANDERIA SIN NOMBRE,solo_universo_actual,universo_actual
11005863,29019315229001172000000000U8,LAVANDERIA LAVADOS INDUSTRIALES SK,315229,San Martin Texmelucan,San Martin Texmelucan,lavado_deslavado,105.2243183046487,11005863,LAVANDERIA LAVADOS INDUSTRIALES SK,solo_universo_actual,universo_actual
11056486,21132812210001431000000000U5,LAVANDERIA ENTRE BURBUJAS,812210,San Martin Texmelucan,San Martin Texmelucan,lavanderia_industrial,366.39918145852306,11056486,LAVANDERIA ENTRE BURBUJAS,solo_universo_actual,universo_actual
11123518,21132811192001141000000000U1,LAVADO LOZA,811192,San Martin Texmelucan,San Martin Texmelucan,lavado_deslavado,544.2496582623918,11123518,LAVADO LOZA,solo_universo_actual,universo_actual
11144181,21132812210001221000000000U0,LAVANDERIA SOFT Y CLEAN,812210,San Martin Texmelucan,San Martin Texmelucan,lavanderia_industrial,413.443907476493,11144181,LAVANDERIA SOFT Y CLEAN,solo_universo_actual,universo_actual
11202038,21132812210001421000000000U6,TRAPITOS AL SOL,812210,San Martin Texmelucan,San Martin Texmelucan,lavanderia_industrial,192.9309574894128,11202038,TRAPITOS AL SOL,solo_universo_actual,universo_actual
11233532,21132812210001401000000000U8,AMOR CUCHI,812210,San Martin Texmelucan,San Martin Texmelucan,lavanderia_industrial,757.1612689489868,11233532,AMOR CUCHI,solo_universo_actual,universo_actual
11369568,29019315229000971000000000U4,MAQUILA DE PANTALON DE MEZCLILLA SIN NOMBRE,315229,San Martin Texmelucan,San Martin Texmelucan,fabricacion_mezclilla,289.21133893279705,11369568,MAQUILA DE PANTALON DE MEZCLILLA SIN NOMBRE,solo_universo_actual,universo_actual
11448908,21132812210001591000000000U6,LAVANDERIA ROLMI,812210,San Martin Texmelucan,San Martin Texmelucan,lavanderia_industrial,456.78290249522587,11448908,LAVANDERIA ROLMI,solo_universo_actual,universo_actual
11479625,29019315229000961000000000U5,MAQUILA DE PANTALON DE MEZCLILLA,315229,San Martin Texmelucan,San Martin Texmelucan,fabricacion_mezclilla,506.41591496428236,11479625,MAQUILA DE PANTALON DE MEZCLILLA,solo_universo_actual,universo_actual
11492067,21132812210001551000000000U0,LAVANDERIA,812210,San Martin Texmelucan,San Martin Texmelucan,lavanderia_industrial,228.76571802756345,11492067,LAVANDERIA,solo_universo_actual,universo_actual
11513321,29019812210000471000000000U3,LAVANDERIA ZERO STAIN,812210,San Martin Texmelucan,San Martin Texmelucan,lavanderia_industrial,360.3086319563992,11513321,LAVANDERIA ZERO STAIN,solo_universo_actual,universo_actual
11518387,29019315229001641000000000U2,MAQUILA DE PANTALON DE MEZCLILLA,315229,San Martin Texmelucan,San Martin Texmelucan,fabricacion_mezclilla,385.91486200577083,11518387,MAQUILA DE PANTALON DE MEZCLILLA,solo_universo_actual,universo_actual
11520682,21132812210001331000000000U7,LAVANDERIA MAJO,812210,San Martin Texmelucan,San Martin Texmelucan,lavanderia_industrial,32.647214705442664,11520682,LAVANDERIA MAJO,solo_universo_actual,universo_actual
11542656,21132812210001371000000000U3,LAVANDERIA,812210,San Martin Texmelucan,San Martin Texmelucan,lavanderia_industrial,540.4611603515777,11542656,LAVANDERIA,solo_universo_actual,universo_actual
11604542,29019315229001331000000000U0,MAQUILA DE PANTALON DE MEZCLILLA SIN NOMBRE,315229,San Martin Texmelucan,San Martin Texmelucan,fabricacion_mezclilla,33.34732645661744,11604542,MAQUILA DE PANTALON DE MEZCLILLA SIN NOMBRE,solo_universo_actual,universo_actual
11628828,21132812210001291000000000U3,LAVANDERIA LUPITA,812210,San Martin Texmelucan,San Martin Texmelucan,lavanderia_industrial,426.37810903970296,11628828,LAVANDERIA LUPITA,solo_universo_actual,universo_actual
11654135,21132812210001571000000000U8,LAVANDERIA SAN RAFAEL,812210,San Martin Texmelucan,San Martin Texmelucan,lavanderia_industrial,456.3604339620656,11654135,LAVANDERIA SAN RAFAEL,solo_universo_actual,universo_actual
12317062,29015812210000161000053895S8,LAVARTEX TLAXCALA,812210,San Martin Texmelucan,San Martin Texmelucan,lavanderia_industrial,128.3464403622314,12317062,LAVARTEX TLAXCALA,solo_universo_actual,universo_actual
3266081,21132812210000151000000000U0,TINTORERIA Y LAVANDERIA VERAZA,812210,San Martin Texmelucan,San Martin Texmelucan,lavanderia_industrial,241.6732701586117,3266081,TINTORERIA Y LAVANDERIA VERAZA,solo_universo_actual,universo_actual
3326066,21074812210000262001000000U9,LAVANDERIA LAVAPLUS,812210,Santa Ana Xalmimilulco,Huejotzingo,lavanderia_industrial,463.0522248748573,3326066,LAVANDERIA LAVAPLUS,en_ambos,universo_actual
3326348,21074315229001403002000000U0,TALLER DE MAQUILA DE PANTALON DE MEZCLILLA,315229,Santa Ana Xalmimilulco,Huejotzingo,fabricacion_mezclilla,71.01120908542781,3326348,TALLER DE MAQUILA DE PANTALON DE MEZCLILLA,en_ambos,universo_actual
3427228,21074812210000141000000000U5,TINTORERIA LIZ,812210,Santa Ana Xalmimilulco,Huejotzingo,lavanderia_industrial,1012.8178412024241,3427228,TINTORERIA LIZ,en_ambos,universo_actual
3427244,21074812210000131000000000U6,TINTORERIA LIZ,812210,Santa Ana Xalmimilulco,Huejotzingo,lavanderia_industrial,931.2076547297028,3427244,TINTORERIA LIZ,en_ambos,universo_actual
3427952,21074812210000031010000000U8,MAQUILA DE LAVANDERIA DE PANTALON,313310,Santa Ana Xalmimilulco,Huejotzingo,lavanderia_industrial,752.4183731793706,3427952,MAQUILA DE LAVANDERIA DE PANTALON,en_ambos,universo_actual
3428125,21074812210000182000000000U9,LAVANDERIA SANTA CECILIA,812210,Santa Ana Xalmimilulco,Huejotzingo,lavanderia_industrial,1001.9559585372307,3428125,LAVANDERIA SANTA CECILIA,en_ambos,universo_actual
3428134,21074812210000223001000000U1,LAVANDERIA SANTA MONICA,812210,Santa Ana Xalmimilulco,Huejotzingo,lavanderia_industrial,315.8808780165712,3428134,LAVANDERIA SANTA MONICA,en_ambos,universo_actual
3428174,21074812210000172002000000U0,LAVANDERIA ALEX,812210,Santa Ana Xalmimilulco,Huejotzingo,lavanderia_industrial,1000.7362348260492,3428174,LAVANDERIA ALEX,en_ambos,universo_actual
3428228,21074315229000811002000000U5,MAQUILAR PANTALON DE MEZCLILLA,315229,Santa Ana Xalmimilulco,Huejotzingo,fabricacion_mezclilla,1093.9717935747005,3428228,MAQUILAR PANTALON DE MEZCLILLA,en_ambos,universo_actual
3428283,21074812210000121001000000U7,LAVANDERIA LAVAMEXXAL,812210,Santa Ana Xalmimilulco,Huejotzingo,lavanderia_industrial,983.415871435278,3428283,LAVANDERIA LAVAMEXXAL,en_ambos,universo_actual
3428321,21074812210000051011000000U6,LAVANDERIA Y TERMINADOS G C,313310,Santa Ana Xalmimilulco,Huejotzingo,lavanderia_industrial,792.7861595870044,3428321,LAVANDERIA Y TERMINADOS G C,en_ambos,universo_actual
8088970,21074315229001671000000000U2,MAQUILADORA DE PANTALONES DE MEZCLILLA,315229,Santa Ana Xalmimilulco,Huejotzingo,fabricacion_mezclilla,486.9181072006298,8088970,MAQUILADORA DE PANTALONES DE MEZCLILLA,en_ambos,universo_actual
8089261,21074812210000431000000000U0,LAVANDERIA REY,812210,Santa Ana Xalmimilulco,Huejotzingo,lavanderia_industrial,1028.491962551902,8089261,LAVANDERIA REY,en_ambos,universo_actual
8090455,21074315229001931000000000U0,TALLER DE MAQUILA DE MEZCLILLA,315229,Santa Ana Xalmimilulco,Huejotzingo,fabricacion_mezclilla,1040.5866121487788,8090455,TALLER DE MAQUILA DE MEZCLILLA,en_ambos,universo_actual
8776900,21074812210000521000000000U8,LAVANDERIA MARY,812210,Santa Ana Xalmimilulco,Huejotzingo,lavanderia_industrial,497.1135873706967,8776900,LAVANDERIA MARY,en_ambos,universo_actual
8949535,21074315229001601000000000U9,TALLER DE MAQUILA DE MEZCLILLA SIN NOMBRE,315229,Santa Ana Xalmimilulco,Huejotzingo,fabricacion_mezclilla,255.08579908068725,8949535,TALLER DE MAQUILA DE MEZCLILLA SIN NOMBRE,en_ambos,universo_actual
9725562,21074315229002411000000000U2,TALLER DE MAQUILA DE PANTALON DE MEZCLILLA,315229,Santa Ana Xalmimilulco,Huejotzingo,fabricacion_mezclilla,759.6493906509276,9725562,TALLER DE MAQUILA DE PANTALON DE MEZCLILLA,en_ambos,universo_actual
10086701,21074812210000601000000000U8,LAVANDERIA MEXICO,812210,Santa Ana Xalmimilulco,Huejotzingo,lavanderia_industrial,537.6024209147453,10086701,LAVANDERIA MEXICO,en_ambos,universo_actual
10099363,21074315223001011000000000U4,MAQUILA DE PANTALON DE MEZCLILLA SIN NOMBRE,315229,Santa Ana Xalmimilulco,Huejotzingo,fabricacion_mezclilla,720.0807508899742,10099363,MAQUILA DE PANTALON DE MEZCLILLA SIN NOMBRE,en_ambos,universo_actual
10801837,21074812210000772000000000U7,LAVANDERIA SIN NOMBRE,812210,Santa Ana Xalmimilulco,Huejotzingo,lavanderia_industrial,1006.648748591569,10801837,LAVANDERIA SIN NOMBRE,en_ambos,universo_actual
10876257,21074812210000751000000000U1,LAVANDERIA MA & MA,812210,Santa Ana Xalmimilulco,Huejotzingo,lavanderia_industrial,880.4715581569069,10876257,LAVANDERIA MA & MA,en_ambos,universo_actual
11081907,21074812210000921000000000U0,BODEGA SIN NOMBRE,812210,Santa Ana Xalmimilulco,Huejotzingo,lavanderia_industrial,751.7410027638481,11081907,BODEGA SIN NOMBRE,en_ambos,universo_actual
11096797,21074812210000642000000000U2,LAVADOS Y PROCESOS FLORES,812210,Santa Ana Xalmimilulco,Huejotzingo,lavado_deslavado,971.5512807745988,11096797,LAVADOS Y PROCESOS FLORES,solo_universo_actual,universo_actual
11149643,21074812210000672000000000U9,LAVANDERIA LOS SOLARES,812210,Santa Ana Xalmimilulco,Huejotzingo,lavanderia_industrial,1000.2348478542126,11149643,LAVANDERIA LOS SOLARES,en_ambos,universo_actual
11183668,21074812210000251000000000U2,BODEGA DE DESPERDICIO,812210,Santa Ana Xalmimilulco,Huejotzingo,lavanderia_industrial,750.8931252658,11183668,BODEGA DE DESPERDICIO,en_ambos,universo_actual
3326137,21074315229001301002000000U6,MAQUILA DE PANTALON FOSIL JEANS,315229,Santa Ana Xalmimilulco,Huejotzingo,fabricacion_mezclilla,357.8308297766053,3326137,MAQUILA DE PANTALON FOSIL JEANS,en_ambos,universo_actual
3326339,21074315229001291001000000U9,MAQUILA DE PANTALON DE MEZCLILLA SIN NOMBRE,315229,Santa Ana Xalmimilulco,Huejotzingo,fabricacion_mezclilla,884.0102103225223,3326339,MAQUILA DE PANTALON DE MEZCLILLA SIN NOMBRE,en_ambos,universo_actual
3427213,21074812210000342001000000U9,LAVANDERIA MAGALY,812210,Santa Ana Xalmimilulco,Huejotzingo,lavanderia_industrial,944.0935162429411,3427213,LAVANDERIA MAGALY,en_ambos,universo_actual
3427993,21074812210000213002000000U2,LAVANDERIA SIN NOMBRE,812210,Santa Ana Xalmimilulco,Huejotzingo,lavanderia_industrial,823.4947352353194,3427993,LAVANDERIA SIN NOMBRE,en_ambos,universo_actual
3428103,21074812210000192001000000U8,LAVANDERIA NOVALAV,812210,Santa Ana Xalmimilulco,Huejotzingo,lavanderia_industrial,184.96048580056203,3428103,LAVANDERIA NOVALAV,en_ambos,universo_actual
6861846,21074812210000364001000000U3,STONE LAV,812210,Santa Ana Xalmimilulco,Huejotzingo,lavanderia_industrial,913.596503634522,6861846,STONE LAV,en_ambos,universo_actual
7742787,21074461160000781011000000U9,TALLER DE MAQUILA Y PANTALONES DE MEZCLILLA,315229,Santa Ana Xalmimilulco,Huejotzingo,fabricacion_mezclilla,687.0095651501339,7742787,TALLER DE MAQUILA Y PANTALONES DE MEZCLILLA,en_ambos,universo_actual
8089452,21074812210000451001000000U8,LAVANDERIA RUGLAS,812210,Santa Ana Xalmimilulco,Huejotzingo,lavanderia_industrial,1219.1924555432597,8089452,LAVANDERIA RUGLAS,en_ambos,universo_actual
8089562,21074812210000471000000000U6,LAVANDERIA SANTY,812210,Santa Ana Xalmimilulco,Huejotzingo,lavanderia_industrial,980.1102269871695,8089562,LAVANDERIA SANTY,en_ambos,universo_actual
8111334,21074434222000041000000000U0,VAQUIMTEX PRODUCTOS PARA LAVANDERIA,434222,Santa Ana Xalmimilulco,Huejotzingo,lavanderia_industrial,788.1700784749129,8111334,VAQUIMTEX PRODUCTOS PARA LAVANDERIA,en_ambos,universo_actual
8777526,21074315229002171000000000U2,MAQUILA DESHEBRADO,315229,Santa Ana Xalmimilulco,Huejotzingo,fabricacion_mezclilla,845.840416729103,8777526,MAQUILA DESHEBRADO,en_ambos,universo_actual
10451408,21074812210000861000000000U8,STONE LAV,812210,Santa Ana Xalmimilulco,Huejotzingo,lavanderia_industrial,473.24907926560644,10451408,STONE LAV,en_ambos,universo_actual
11133786,21074315229002281000000000U9,MAQUILA DESHEBRADO DE PANTALON SIN NOMBRE,315229,Santa Ana Xalmimilulco,Huejotzingo,fabricacion_mezclilla,288.13956171958114,11133786,MAQUILA DESHEBRADO DE PANTALON SIN NOMBRE,en_ambos,universo_actual
11444709,21074221312000021000000000U8,AGUA POTABLE COAPAXAL,221312,Santa Ana Xalmimilulco,Huejotzingo,acabado_textil,681.5176854147586,11444709,AGUA POTABLE COAPAXAL,solo_universo_2026,universo_2026
12292251,21074221312000032000000000U5,SOSAPAHUE,221312,Rancho de los Caballos,Huejotzingo,acabado_textil,485.1222636245697,12292251,SOSAPAHUE,solo_universo_2026,universo_2026
10382850,21074314991000261000000000U9,GILCERJEANS,314991,Santa Ana Xalmimilulco,Huejotzingo,fabricacion_mezclilla,908.5202105557923,10382850,GILCERJEANS,solo_universo_2026,universo_2026
10262715,21074313310000111000000000U0,IMPRESOS EN SERVILLETAS PARA RECUERDO,313310,Santa Ana Xalmimilulco,Huejotzingo,acabado_textil,725.1893173331662,10262715,IMPRESOS EN SERVILLETAS PARA RECUERDO,solo_universo_2026,universo_2026
3428329,21074812210000243010000000U9,POLIPROCESO,313310,Santa Ana Xalmimilulco,Huejotzingo,acabado_textil,994.2954381024825,3428329,POLIPROCESO,solo_universo_2026,universo_2026
11173772,21074315229002821000000000U2,TALLER DE PANTALLA DE MEZCLILLA,315229,Santa Ana Xalmimilulco,Huejotzingo,fabricacion_mezclilla,806.2422564973679,11173772,TALLER DE PANTALLA DE MEZCLILLA,solo_universo_2026,universo_2026
