cluster,rasgo,n,conteo,prevalencia_cluster,prevalencia_global,diferencia_pp,lift,log2_lift,odds_ratio,IC95,p_fisher,p_BH,estado_celda
CLUSTER_004,textil,28,8,0.2857142857142857,0.2483790523690773,3.73352333452083,1.1503155479059093,0.2020296672165975,1.2121457489878542,"[0.563, 2.8]",0.6616547769935346,0.9087788503284692,FILTRADO_POR_CRITERIO
CLUSTER_004,mezclilla,28,2,0.0714285714285714,0.0184538653366583,5.2974706091913,3.8706563706563695,1.9525782336557287,4.177350427350428,"[1.36, 19]",0.0933598144951765,0.2086866441656888,FILTRADO_POR_CRITERIO
CLUSTER_004,humedo_explicito,28,0,0.0,0.0922693266832917,-9.22693266832917,0.0,,0.0,"[0.0104, 2.81]",0.1047680504631009,0.2311280750773512,NO_SOBRERREPRESENTADO
CLUSTER_004,lavado_generico,28,2,0.0714285714285714,0.2992518703241895,-22.782329889561808,0.2386904761904761,-2.0667870912112023,0.1787594709130602,"[0.0598, 0.803]",0.0061822402602073,0.0180711638375291,NO_SOBRERREPRESENTADO
CLUSTER_004,produccion,28,2,0.0714285714285714,0.1219451371571072,-5.05165657285358,0.5857434998539293,-0.7716590556675553,0.5520454904438478,"[0.184, 2.48]",0.568809187095529,0.8494879562736721,NO_SOBRERREPRESENTADO
CLUSTER_004,maquila,28,17,0.6071428571428571,0.1468827930174563,46.02600641254007,4.133519282076158,2.047370616704557,9.213286713286712,"[4.29, 19.2]",2.457689196593836e-08,1.293122623438603e-07,SOBRERREPRESENTADO
CLUSTER_004,proceso_seco_explicito,28,2,0.0714285714285714,0.1605985037406483,-8.91699323120769,0.4447648624667258,-1.1688852788299384,0.4001917086029236,"[0.134, 1.8]",0.2992410893646183,0.5358138877628243,NO_SOBRERREPRESENTADO
CLUSTER_004,scian_textil,28,26,0.9285714285714286,0.6044887780548629,32.40826505165657,1.536126826968411,0.6192973339528196,8.587155963302752,"[1.91, 25.7]",0.0002754499533473,0.0009612641229059,SOBRERREPRESENTADO
CLUSTER_004,scian_acabado_humedo,28,0,0.0,0.0084788029925187,-0.8478802992518699,0.0,,0.0,"[0.12, 33.6]",1.0,1.0,NO_SOBRERREPRESENTADO
CLUSTER_004,scian_lavanderia,28,2,0.0714285714285714,0.3955112219451371,-32.40826505165657,0.180598090434156,-2.4691454564193,0.1164529914529914,"[0.039, 0.523]",0.0002754499533473,0.0009612641229059,NO_SOBRERREPRESENTADO
CLUSTER_004,actividad_lavanderia_tintoreria,28,2,0.0714285714285714,0.3955112219451371,-32.40826505165657,0.180598090434156,-2.4691454564193,0.1164529914529914,"[0.039, 0.523]",0.0002754499533473,0.0009612641229059,NO_SOBRERREPRESENTADO
CLUSTER_004,actividad_acabado_textil,28,0,0.0,0.0084788029925187,-0.8478802992518699,0.0,,0.0,"[0.12, 33.6]",1.0,1.0,NO_SOBRERREPRESENTADO
CLUSTER_004,actividad_confeccion,28,22,0.7857142857142857,0.3895261845386533,39.61881011756323,2.017102615694165,1.0122844797799964,5.814285714285714,"[2.29, 13.2]",3.9302471620241366e-05,0.0001619451240255,SOBRERREPRESENTADO
CLUSTER_004,actividad_fabricacion_telas,28,0,0.0,0.0386533665835411,-3.86533665835411,0.0,,0.0,"[0.0262, 7.11]",0.6254547259216691,0.8816375019289009,NO_SOBRERREPRESENTADO
CLUSTER_004,actividad_tejido_hilado,28,2,0.0714285714285714,0.0895261845386533,-1.80976131100819,0.7978511738957421,-0.3258084345383728,0.7810816634346046,"[0.26, 3.52]",1.0,1.0,NO_SOBRERREPRESENTADO
CLUSTER_004,actividad_bordado_deshilado,28,0,0.0,0.0446384039900249,-4.46384039900249,0.0,,0.0,"[0.0226, 6.11]",0.6347867159684915,0.8816375019289009,NO_SOBRERREPRESENTADO
CLUSTER_004,senal_pantalon,28,2,0.0714285714285714,0.0366583541147132,3.47702173138582,1.9484936831875608,0.9623592544483142,2.035543766578249,"[0.673, 9.2]",0.2740912588394883,0.4959746588524075,FILTRADO_POR_CRITERIO
CLUSTER_004,senal_mezclilla_o_pantalon,28,2,0.0714285714285714,0.0456359102244389,2.57926612041325,1.565183450429352,0.646331761000636,1.6153846153846154,"[0.536, 7.29]",0.367873991395201,0.6228361636493007,FILTRADO_POR_CRITERIO
CLUSTER_005,textil,33,9,0.2727272727272727,0.2483790523690773,2.43482203581953,1.0980284775465496,0.1349154713580603,1.1360182370820668,"[0.553, 2.49]",0.6904686898139365,0.9445611676654652,FILTRADO_POR_CRITERIO
CLUSTER_005,mezclilla,33,0,0.0,0.0184538653366583,-1.8453865336658297,0.0,,0.0,"[0.0475, 12.9]",1.0,1.0,NO_SOBRERREPRESENTADO
CLUSTER_005,humedo_explicito,33,0,0.0,0.0922693266832917,-9.22693266832917,0.0,,0.0,"[0.00889, 2.38]",0.0683754805628532,0.1646789743133508,NO_SOBRERREPRESENTADO
CLUSTER_005,lavado_generico,33,2,0.0606060606060606,0.2992518703241895,-23.86458097181289,0.2025252525252525,-2.3038262885120515,0.1496580322042113,"[0.0507, 0.668]",0.0016943819489603,0.0053655428383745,NO_SOBRERREPRESENTADO
CLUSTER_005,produccion,33,4,0.1212121212121212,0.1219451371571072,-0.07330159449859999,0.9939889694490922,-0.0086982529684044,0.993103448275862,"[0.405, 2.97]",1.0,1.0,NO_SOBRERREPRESENTADO
CLUSTER_005,maquila,33,21,0.6363636363636364,0.1468827930174563,48.948084334617995,4.332458712764316,2.115186000932129,10.503080985915492,"[5.11, 20.8]",1.450850582668893e-10,9.166874229745182e-10,SOBRERREPRESENTADO
CLUSTER_005,proceso_seco_explicito,33,9,0.2727272727272727,0.1605985037406483,11.21287689866243,1.6981931112365891,0.7640005253115244,1.9736220472440944,"[0.96, 4.33]",0.0926167931698083,0.2083877846320688,FILTRADO_POR_CRITERIO
CLUSTER_005,scian_textil,33,31,0.9393939393939394,0.6044887780548629,33.49051613390765,1.554030403040304,0.6360147288977535,10.259924780610111,"[2.3, 30.3]",1.891269035471513e-05,8.085175126640719e-05,SOBRERREPRESENTADO
CLUSTER_005,scian_acabado_humedo,33,0,0.0,0.0084788029925187,-0.8478802992518699,0.0,,0.0,"[0.102, 28.4]",1.0,1.0,NO_SOBRERREPRESENTADO
CLUSTER_005,scian_lavanderia,33,2,0.0606060606060606,0.3955112219451371,-33.49051613390765,0.1532347433986778,-2.706184653720149,0.0974666014988595,"[0.033, 0.435]",1.891269035471513e-05,8.085175126640719e-05,NO_SOBRERREPRESENTADO
CLUSTER_005,actividad_lavanderia_tintoreria,33,2,0.0606060606060606,0.3955112219451371,-33.49051613390765,0.1532347433986778,-2.706184653720149,0.0974666014988595,"[0.033, 0.435]",1.891269035471513e-05,8.085175126640719e-05,NO_SOBRERREPRESENTADO
CLUSTER_005,actividad_acabado_textil,33,0,0.0,0.0084788029925187,-0.8478802992518699,0.0,,0.0,"[0.102, 28.4]",1.0,1.0,NO_SOBRERREPRESENTADO
CLUSTER_005,actividad_confeccion,33,26,0.7878787878787878,0.3895261845386533,39.83526033401345,2.022659372211229,1.0162533819829422,5.902715773809524,"[2.49, 12.7]",5.059013398520459e-06,2.3380845706675635e-05,SOBRERREPRESENTADO
CLUSTER_005,actividad_fabricacion_telas,33,2,0.0606060606060606,0.0386533665835411,2.1952694022519403,1.5679374389051808,0.6488679967095916,1.6124815517604891,"[0.54, 7.24]",0.3667657462497443,0.6228361636493007,FILTRADO_POR_CRITERIO
CLUSTER_005,actividad_tejido_hilado,33,3,0.0909090909090909,0.0895261845386533,0.13829063704375,1.015446948594581,0.0221148688819341,1.017134831460674,"[0.384, 3.54]",1.0,1.0,FILTRADO_POR_CRITERIO
CLUSTER_005,actividad_bordado_deshilado,33,0,0.0,0.0446384039900249,-4.46384039900249,0.0,,0.0,"[0.0193, 5.18]",0.4009610275925874,0.6543846810980979,NO_SOBRERREPRESENTADO
CLUSTER_005,senal_pantalon,33,0,0.0,0.0366583541147132,-3.66583541147132,0.0,,0.0,"[0.0236, 6.36]",0.6326482602177377,0.8816375019289009,NO_SOBRERREPRESENTADO
CLUSTER_005,senal_mezclilla_o_pantalon,33,0,0.0,0.0456359102244389,-4.56359102244389,0.0,,0.0,"[0.0188, 5.06]",0.4018151550602355,0.6543846810980979,NO_SOBRERREPRESENTADO
CLUSTER_006,textil,20,4,0.2,0.2483790523690773,-4.83790523690773,0.8052208835341366,-0.3125435056131606,0.7555443548387096,"[0.29, 2.34]",0.7971889053198589,1.0,NO_SOBRERREPRESENTADO
CLUSTER_006,mezclilla,20,0,0.0,0.0184538653366583,-1.8453865336658297,0.0,,0.0,"[0.0768, 21.4]",1.0,1.0,NO_SOBRERREPRESENTADO
CLUSTER_006,humedo_explicito,20,0,0.0,0.0922693266832917,-9.22693266832917,0.0,,0.0,"[0.0144, 3.95]",0.2496056216681186,0.4669709830855262,NO_SOBRERREPRESENTADO
CLUSTER_006,lavado_generico,20,0,0.0,0.2992518703241895,-29.925187032418947,0.0,,0.0,"[0.00343, 0.938]",0.0010433542149635,0.0035329419952231,NO_SOBRERREPRESENTADO
CLUSTER_006,produccion,20,2,0.1,0.1219451371571072,-2.1945137157107197,0.8200408997955011,-0.2862322284973133,0.7992242756103126,"[0.258, 3.65]",1.0,1.0,NO_SOBRERREPRESENTADO
CLUSTER_006,maquila,20,16,0.8,0.1468827930174563,65.31172069825438,5.446519524617997,2.44533460262446,23.85340314136125,"[7.68, 62.2]",1.0683506285778492e-10,6.893885188181592e-10,SOBRERREPRESENTADO
CLUSTER_006,proceso_seco_explicito,20,3,0.15,0.1605985037406483,-1.05985037406483,0.9340062111801242,-0.0984959509385405,0.921996879875195,"[0.33, 3.3]",1.0,1.0,NO_SOBRERREPRESENTADO
CLUSTER_006,scian_textil,20,20,1.0,0.6044887780548629,39.55112219451371,1.654290429042904,0.7262125378693316,inf,"[1.63, 448]",7.941739476367271e-05,0.0003121925173468,SOBRERREPRESENTADO
CLUSTER_006,scian_acabado_humedo,20,0,0.0,0.0084788029925187,-0.8478802992518699,0.0,,0.0,"[0.166, 47.2]",1.0,1.0,NO_SOBRERREPRESENTADO
CLUSTER_006,scian_lavanderia,20,0,0.0,0.3955112219451371,-39.55112219451371,0.0,,0.0,"[0.00223, 0.612]",7.941739476367271e-05,0.0003121925173468,NO_SOBRERREPRESENTADO
CLUSTER_006,actividad_lavanderia_tintoreria,20,0,0.0,0.3955112219451371,-39.55112219451371,0.0,,0.0,"[0.00223, 0.612]",7.941739476367271e-05,0.0003121925173468,NO_SOBRERREPRESENTADO
CLUSTER_006,actividad_acabado_textil,20,0,0.0,0.0084788029925187,-0.8478802992518699,0.0,,0.0,"[0.166, 47.2]",1.0,1.0,NO_SOBRERREPRESENTADO
CLUSTER_006,actividad_confeccion,20,8,0.4,0.3895261845386533,1.04738154613466,1.0268886043533931,0.038279688312941,1.045045045045045,"[0.445, 2.55]",1.0,1.0,FILTRADO_POR_CRITERIO
CLUSTER_006,actividad_fabricacion_telas,20,0,0.0,0.0386533665835411,-3.86533665835411,0.0,,0.0,"[0.0362, 9.99]",1.0,1.0,NO_SOBRERREPRESENTADO
CLUSTER_006,actividad_tejido_hilado,20,0,0.0,0.0895261845386533,-8.95261845386533,0.0,,0.0,"[0.0149, 4.08]",0.2498704383176938,0.4669709830855262,NO_SOBRERREPRESENTADO
CLUSTER_006,actividad_bordado_deshilado,20,0,0.0,0.0446384039900249,-4.46384039900249,0.0,,0.0,"[0.0312, 8.6]",1.0,1.0,NO_SOBRERREPRESENTADO
CLUSTER_006,senal_pantalon,20,0,0.0,0.0366583541147132,-3.66583541147132,0.0,,0.0,"[0.0383, 10.6]",1.0,1.0,NO_SOBRERREPRESENTADO
CLUSTER_006,senal_mezclilla_o_pantalon,20,0,0.0,0.0456359102244389,-4.56359102244389,0.0,,0.0,"[0.0305, 8.4]",1.0,1.0,NO_SOBRERREPRESENTADO
CLUSTER_007,textil,99,24,0.2424242424242424,0.2483790523690773,-0.59548099448348,0.976025313374711,-0.0350095300842516,0.9675720164609054,"[0.618, 1.56]",1.0,1.0,NO_SOBRERREPRESENTADO
CLUSTER_007,mezclilla,99,4,0.0404040404040404,0.0184538653366583,2.1950175067382003,2.1894621894621897,1.1305765356337234,2.310375939849624,"[0.969, 6.8]",0.1088307849906738,0.2340888582818266,FILTRADO_POR_CRITERIO
CLUSTER_007,humedo_explicito,99,5,0.0505050505050505,0.0922693266832917,-4.17642761782412,0.5473655473655473,-0.8694234643662768,0.5167589624016322,"[0.237, 1.34]",0.2146312377734897,0.4077993517696304,NO_SOBRERREPRESENTADO
CLUSTER_007,lavado_generico,99,37,0.3737373737373737,0.2992518703241895,7.448550341318421,1.248905723905724,0.320664576395742,1.4100906998030678,"[0.94, 2.14]",0.1191196909052324,0.2469026320581181,FILTRADO_POR_CRITERIO
CLUSTER_007,produccion,99,17,0.1717171717171717,0.1219451371571072,4.97720345600644,1.4081510400528805,0.4938020875607786,1.5105157089706491,"[0.914, 2.61]",0.1589723091675059,0.3106773127730687,FILTRADO_POR_CRITERIO
CLUSTER_007,maquila,99,3,0.0303030303030303,0.1468827930174563,-11.6579762714426,0.2063075577506817,-2.277131421846631,0.1773144197952218,"[0.0705, 0.6]",0.0002449296751491,0.0009104994445762,NO_SOBRERREPRESENTADO
CLUSTER_007,proceso_seco_explicito,99,13,0.1313131313131313,0.1605985037406483,-2.9285372427517,0.8176485350398395,-0.2904472587108516,0.7857590388088306,"[0.454, 1.45]",0.4896447889990724,0.7577308499442659,NO_SOBRERREPRESENTADO
CLUSTER_007,scian_textil,99,55,0.5555555555555556,0.6044887780548629,-4.89332224993073,0.919050238357169,-0.1217843686856183,0.8136344449134656,"[0.544, 1.21]",0.3490183570335165,0.6028498894215285,NO_SOBRERREPRESENTADO
CLUSTER_007,scian_acabado_humedo,99,1,0.0101010101010101,0.0084788029925187,0.16222071084913,1.1913250148544268,0.2525670600123338,1.199134199134199,"[0.339, 9.16]",0.574077713107608,0.8499332375878872,FILTRADO_POR_CRITERIO
CLUSTER_007,scian_lavanderia,99,44,0.4444444444444444,0.3955112219451371,4.89332224993072,1.123721451590304,0.1682844641959918,1.22905317769131,"[0.826, 1.84]",0.3490183570335165,0.6028498894215285,FILTRADO_POR_CRITERIO
CLUSTER_007,actividad_lavanderia_tintoreria,99,44,0.4444444444444444,0.3955112219451371,4.89332224993072,1.123721451590304,0.1682844641959918,1.22905317769131,"[0.826, 1.84]",0.3490183570335165,0.6028498894215285,FILTRADO_POR_CRITERIO
CLUSTER_007,actividad_acabado_textil,99,1,0.0101010101010101,0.0084788029925187,0.16222071084913,1.1913250148544268,0.2525670600123338,1.199134199134199,"[0.339, 9.16]",0.574077713107608,0.8499332375878872,FILTRADO_POR_CRITERIO
CLUSTER_007,actividad_confeccion,99,31,0.3131313131313131,0.3895261845386533,-7.639487140734009,0.8038774428018988,-0.3149525264924308,0.7086871325930765,"[0.466, 1.1]",0.1186979975581049,0.2469026320581181,NO_SOBRERREPRESENTADO
CLUSTER_007,actividad_fabricacion_telas,99,7,0.0707070707070707,0.0386533665835411,3.2053704123529503,1.8292603453893777,0.8712604180460396,1.9345622796709756,"[0.959, 4.4]",0.1059504664890698,0.2311280750773512,FILTRADO_POR_CRITERIO
CLUSTER_007,actividad_tejido_hilado,99,8,0.0808080808080808,0.0895261845386533,-0.87181037305725,0.9026195098618498,-0.1478101325603781,0.8916439685670455,"[0.462, 1.92]",1.0,1.0,NO_SOBRERREPRESENTADO
CLUSTER_007,actividad_bordado_deshilado,99,7,0.0707070707070707,0.0446384039900249,2.6068666717045703,1.5839963884656625,0.6635690460560207,1.6540065722952475,"[0.822, 3.76]",0.2106678129653975,0.4025049834310947,FILTRADO_POR_CRITERIO
CLUSTER_007,senal_pantalon,99,3,0.0303030303030303,0.0366583541147132,-0.63553238116829,0.826633683776541,-0.274679942852535,0.8174913194444444,"[0.321, 2.78]",1.0,1.0,NO_SOBRERREPRESENTADO
CLUSTER_007,senal_mezclilla_o_pantalon,99,5,0.0505050505050505,0.0456359102244389,0.48691402806116,1.106695368990451,0.146258157865993,1.1155271336361463,"[0.509, 2.91]",0.8049071193904085,1.0,FILTRADO_POR_CRITERIO
CLUSTER_008,textil,337,152,0.4510385756676557,0.2483790523690773,20.26595232985784,1.8159284020354411,0.8607073215359287,2.753990008966312,"[2.19, 3.46]",2.3493386767039906e-17,1.959692262031133e-16,SOBRERREPRESENTADO
CLUSTER_008,mezclilla,337,43,0.1275964391691394,0.0184538653366583,10.91425738324811,6.914347582003368,2.7895931292335723,17.183015141540487,"[10.6, 27.4]",2.773325815231444e-28,3.3874193886041205e-27,SOBRERREPRESENTADO
CLUSTER_008,humedo_explicito,337,5,0.0148367952522255,0.0922693266832917,-7.743253143106619,0.1607987809768225,-2.6366716254685256,0.1364911701600924,"[0.064, 0.35]",1.6115745614259098e-09,9.341669491655274e-09,NO_SOBRERREPRESENTADO
CLUSTER_008,lavado_generico,337,18,0.0534124629080118,0.2992518703241895,-24.58394074161776,0.178486646884273,-2.486111948893144,0.1189153923269099,"[0.076, 0.196]",1.694467853772536e-31,2.51960002604438e-30,NO_SOBRERREPRESENTADO
CLUSTER_008,produccion,337,50,0.1483679525222551,0.1219451371571072,2.64228153651479,1.2166778928716633,0.2829472749829152,1.283404633590755,"[0.943, 1.77]",0.1385810536567274,0.2821114306583379,FILTRADO_POR_CRITERIO
CLUSTER_008,maquila,337,188,0.5578635014836796,0.1468827930174563,41.09807084662232,3.798018066128277,1.925246768007601,10.29533548678639,"[8.1, 13]",3.484936664975946e-78,1.1918483394217735e-76,SOBRERREPRESENTADO
CLUSTER_008,proceso_seco_explicito,337,53,0.1572700296735905,0.1605985037406483,-0.33284740670578,0.9792745636507733,-0.0302146833909936,0.9732013059745954,"[0.722, 1.33]",0.9382144243272742,1.0,NO_SOBRERREPRESENTADO
CLUSTER_008,scian_textil,337,310,0.9198813056379822,0.6044887780548629,31.53925275831193,1.5217508397724044,0.6057321619617108,8.467185255264726,"[5.61, 12.4]",3.198626799600443e-42,5.757528239280798e-41,SOBRERREPRESENTADO
CLUSTER_008,scian_acabado_humedo,337,4,0.0118694362017804,0.0084788029925187,0.33906332092617003,1.3998952696805729,0.4853188989100849,1.4586586586586587,"[0.595, 4.36]",0.5260614138437283,0.7960752368785623,FILTRADO_POR_CRITERIO
CLUSTER_008,scian_lavanderia,337,27,0.0801186943620178,0.3955112219451371,-31.53925275831193,0.2025699649380147,-2.3035078133800857,0.1181030023381406,"[0.0809, 0.178]",3.198626799600443e-42,5.757528239280798e-41,NO_SOBRERREPRESENTADO
CLUSTER_008,actividad_lavanderia_tintoreria,337,27,0.0801186943620178,0.3955112219451371,-31.53925275831193,0.2025699649380147,-2.3035078133800857,0.1181030023381406,"[0.0809, 0.178]",3.198626799600443e-42,5.757528239280798e-41,NO_SOBRERREPRESENTADO
CLUSTER_008,actividad_acabado_textil,337,4,0.0118694362017804,0.0084788029925187,0.33906332092617003,1.3998952696805729,0.4853188989100849,1.4586586586586587,"[0.595, 4.36]",0.5260614138437283,0.7960752368785623,FILTRADO_POR_CRITERIO
CLUSTER_008,actividad_confeccion,337,289,0.857566765578635,0.3895261845386533,46.80405810399816,2.201563847612245,1.1385286845191238,11.351139041633935,"[8.24, 15.4]",1.096377356255272e-76,3.4087368712663914e-75,SOBRERREPRESENTADO
CLUSTER_008,actividad_fabricacion_telas,337,5,0.0148367952522255,0.0386533665835411,-2.38165713313156,0.3838422513640279,-1.381414570226451,0.353714859437751,"[0.164, 0.914]",0.0168736992577885,0.045439410599714,NO_SOBRERREPRESENTADO
CLUSTER_008,actividad_tejido_hilado,337,6,0.0178041543026706,0.0895261845386533,-7.17220302359827,0.1988709157484936,-2.3300957929414707,0.1704851809693349,"[0.0841, 0.403]",2.3736731583103486e-08,1.2684315939720926e-07,NO_SOBRERREPRESENTADO
CLUSTER_008,actividad_bordado_deshilado,337,33,0.0979228486646884,0.0446384039900249,5.3284444674663405,2.19369063209721,1.133360082254621,2.622363914924297,"[1.79, 3.93]",1.0917731464019248e-05,4.84917423466829e-05,SOBRERREPRESENTADO
CLUSTER_008,senal_pantalon,337,121,0.3590504451038576,0.0366583541147132,32.23920909891443,9.79450533922768,3.2919726325986542,78.57674501424502,"[49.6, 120]",1.0271858706025571e-112,4.391219596825933e-111,SOBRERREPRESENTADO
CLUSTER_008,senal_mezclilla_o_pantalon,337,137,0.4065281899109792,0.0456359102244389,36.08922796865403,8.908076729743316,3.1551139848369085,54.01076086956522,"[37.3, 76.8]",1.5665654981627128e-118,7.653791433880682e-117,SOBRERREPRESENTADO
CLUSTER_009,textil,30,5,0.1666666666666666,0.2483790523690773,-8.17123857024106,0.6710174029451137,-0.5755779114469547,0.6032290615539859,"[0.258, 1.64]",0.3972713642306783,0.6543846810980979,NO_SOBRERREPRESENTADO
CLUSTER_009,mezclilla,30,0,0.0,0.0184538653366583,-1.8453865336658297,0.0,,0.0,"[0.0521, 14.2]",1.0,1.0,NO_SOBRERREPRESENTADO
CLUSTER_009,humedo_explicito,30,0,0.0,0.0922693266832917,-9.22693266832917,0.0,,0.0,"[0.00975, 2.62]",0.1067022018216837,0.2311280750773512,NO_SOBRERREPRESENTADO
CLUSTER_009,lavado_generico,30,0,0.0,0.2992518703241895,-29.925187032418947,0.0,,0.0,"[0.00232, 0.621]",2.8626351064211887e-05,0.0001193928300482,NO_SOBRERREPRESENTADO
CLUSTER_009,produccion,30,6,0.2,0.1219451371571072,7.8054862842892705,1.6400817995910022,0.7137677715026867,1.810041407867495,"[0.804, 4.58]",0.2539842654499922,0.4696651520076916,FILTRADO_POR_CRITERIO
CLUSTER_009,maquila,30,3,0.1,0.1468827930174563,-4.68827930174563,0.6808149405772497,-0.5546653973755402,0.6435343193022374,"[0.241, 2.25]",0.6099175803788326,0.8816375019289009,NO_SOBRERREPRESENTADO
CLUSTER_009,proceso_seco_explicito,30,3,0.1,0.1605985037406483,-6.05985037406483,0.6226708074534162,-0.6834584516596965,0.5787831513260531,"[0.217, 2.02]",0.4621023507693113,0.7216392875027601,NO_SOBRERREPRESENTADO
CLUSTER_009,scian_textil,30,30,1.0,0.6044887780548629,39.55112219451371,1.654290429042904,0.7262125378693316,inf,"[2.47, 661]",3.8001114590461684e-07,1.8566258842768424e-06,SOBRERREPRESENTADO
CLUSTER_009,scian_acabado_humedo,30,0,0.0,0.0084788029925187,-0.8478802992518699,0.0,,0.0,"[0.112, 31.3]",1.0,1.0,NO_SOBRERREPRESENTADO
CLUSTER_009,scian_lavanderia,30,0,0.0,0.3955112219451371,-39.55112219451371,0.0,,0.0,"[0.00151, 0.405]",3.8001114590461684e-07,1.8566258842768424e-06,NO_SOBRERREPRESENTADO
CLUSTER_009,actividad_lavanderia_tintoreria,30,0,0.0,0.3955112219451371,-39.55112219451371,0.0,,0.0,"[0.00151, 0.405]",3.8001114590461684e-07,1.8566258842768424e-06,NO_SOBRERREPRESENTADO
CLUSTER_009,actividad_acabado_textil,30,0,0.0,0.0084788029925187,-0.8478802992518699,0.0,,0.0,"[0.112, 31.3]",1.0,1.0,NO_SOBRERREPRESENTADO
CLUSTER_009,actividad_confeccion,30,5,0.1666666666666666,0.3895261845386533,-22.28595178719866,0.4278702518139138,-1.2247547175208529,0.3112395632626846,"[0.133, 0.845]",0.0133552584698937,0.0367967838389956,NO_SOBRERREPRESENTADO
CLUSTER_009,actividad_fabricacion_telas,30,0,0.0,0.0386533665835411,-3.86533665835411,0.0,,0.0,"[0.0245, 6.63]",0.6291446888730561,0.8816375019289009,NO_SOBRERREPRESENTADO
CLUSTER_009,actividad_tejido_hilado,30,24,0.8,0.0895261845386533,71.04738154613467,8.935933147632312,3.159618392631869,43.52238805970149,"[17.1, 98]",1.2293938017456487e-20,1.2740990309000362e-19,SOBRERREPRESENTADO
CLUSTER_009,actividad_bordado_deshilado,30,0,0.0,0.0446384039900249,-4.46384039900249,0.0,,0.0,"[0.0211, 5.7]",0.6429054765898565,0.8865873911037537,NO_SOBRERREPRESENTADO
CLUSTER_009,senal_pantalon,30,0,0.0,0.0366583541147132,-3.66583541147132,0.0,,0.0,"[0.0259, 7]",0.6264104001421413,0.8816375019289009,NO_SOBRERREPRESENTADO
CLUSTER_009,senal_mezclilla_o_pantalon,30,0,0.0,0.0456359102244389,-4.56359102244389,0.0,,0.0,"[0.0207, 5.57]",0.3998530848197658,0.6543846810980979,NO_SOBRERREPRESENTADO
CLUSTER_010,textil,142,5,0.0352112676056338,0.2483790523690773,-21.31677847634435,0.1417642400588268,-2.8184344353431183,0.1059535822401614,"[0.0494, 0.273]",3.661896930434538e-12,2.6646143621459828e-11,NO_SOBRERREPRESENTADO
CLUSTER_010,mezclilla,142,0,0.0,0.0184538653366583,-1.8453865336658297,0.0,,0.0,"[0.011, 2.9]",0.1134120419166597,0.2409125362453269,NO_SOBRERREPRESENTADO
CLUSTER_010,humedo_explicito,142,3,0.0211267605633802,0.0922693266832917,-7.114256611991141,0.228968405024743,-2.1267795579575552,0.2058886950385196,"[0.0823, 0.694]",0.0009920324768244,0.0033927510707397,NO_SOBRERREPRESENTADO
CLUSTER_010,lavado_generico,142,2,0.0140845070422535,0.2992518703241895,-28.5167363281936,0.0470657276995305,-4.40917928865828,0.031838778917243,"[0.0113, 0.139]",1.0320398550133268e-19,9.804378622626605e-19,NO_SOBRERREPRESENTADO
CLUSTER_010,produccion,142,30,0.2112676056338028,0.1219451371571072,8.93224684766955,1.7324807742158472,0.7928393424938853,1.9893790849673203,"[1.33, 3.04]",0.0023437996211047,0.0072214366704308,SOBRERREPRESENTADO
CLUSTER_010,maquila,142,13,0.0915492957746478,0.1468827930174563,-5.53334972428084,0.6232812836270595,-0.682044703851768,0.575958225667528,"[0.338, 1.05]",0.0690132212365475,0.1650525990412535,NO_SOBRERREPRESENTADO
CLUSTER_010,proceso_seco_explicito,142,2,0.0140845070422535,0.1605985037406483,-14.65139966983948,0.0877001137258332,-3.5112774762770163,0.0717846016911437,"[0.0255, 0.313]",7.549598361319361e-09,4.2327256386413474e-08,NO_SOBRERREPRESENTADO
CLUSTER_010,scian_textil,142,137,0.9647887323943662,0.6044887780548629,36.029995433950326,1.5960407660484357,0.6744975013251763,18.94158285964145,"[7.35, 40.6]",2.17898216245239e-24,2.328787186120992e-23,SOBRERREPRESENTADO
CLUSTER_010,scian_acabado_humedo,142,1,0.0070422535211267,0.0084788029925187,-0.14365494713919,0.8305716652858327,-0.2678234394127387,0.8241994412207179,"[0.234, 6.28]",1.0,1.0,NO_SOBRERREPRESENTADO
CLUSTER_010,scian_lavanderia,142,5,0.0352112676056338,0.3955112219451371,-36.029995433950326,0.0890272276788093,-3.489609558979016,0.0527938983457757,"[0.0246, 0.136]",2.17898216245239e-24,2.328787186120992e-23,NO_SOBRERREPRESENTADO
CLUSTER_010,actividad_lavanderia_tintoreria,142,5,0.0352112676056338,0.3955112219451371,-36.029995433950326,0.0890272276788093,-3.489609558979016,0.0527938983457757,"[0.0246, 0.136]",2.17898216245239e-24,2.328787186120992e-23,NO_SOBRERREPRESENTADO
CLUSTER_010,actividad_acabado_textil,142,1,0.0070422535211267,0.0084788029925187,-0.14365494713919,0.8305716652858327,-0.2678234394127387,0.8241994412207179,"[0.234, 6.28]",1.0,1.0,NO_SOBRERREPRESENTADO
CLUSTER_010,actividad_confeccion,142,1,0.0070422535211267,0.3895261845386533,-38.24839310175266,0.0180790247245315,-5.789539336304379,0.0104815516512873,"[0.00313, 0.0784]",1.2790862742451866e-29,1.776690237288063e-28,NO_SOBRERREPRESENTADO
CLUSTER_010,actividad_fabricacion_telas,142,1,0.0070422535211267,0.0386533665835411,-3.16111130624143,0.182189913675602,-2.456485003436637,0.1710417242332136,"[0.0506, 1.28]",0.0435282531137405,0.1110944967529795,NO_SOBRERREPRESENTADO
CLUSTER_010,actividad_tejido_hilado,142,135,0.9507042253521126,0.0895261845386533,86.11780408134592,10.619286751147554,3.40861496506538,313.7372448979592,"[139, 619]",9.567027641479225e-143,8.179808633464737e-141,SOBRERREPRESENTADO
CLUSTER_010,actividad_bordado_deshilado,142,0,0.0,0.0446384039900249,-4.46384039900249,0.0,,0.0,"[0.00447, 1.16]",0.0028014368910446,0.008404310673134,NO_SOBRERREPRESENTADO
CLUSTER_010,senal_pantalon,142,0,0.0,0.0366583541147132,-3.66583541147132,0.0,,0.0,"[0.00548, 1.43]",0.0098792615379187,0.0279232020327951,NO_SOBRERREPRESENTADO
CLUSTER_010,senal_mezclilla_o_pantalon,142,0,0.0,0.0456359102244389,-4.56359102244389,0.0,,0.0,"[0.00437, 1.14]",0.0017933834165017,0.0056269461325099,NO_SOBRERREPRESENTADO
CLUSTER_011,textil,8,3,0.375,0.2483790523690773,12.662094763092268,1.509789156626506,0.5943470899953579,1.8181268882175223,"[0.504, 7.38]",0.4189631760297175,0.6701184349750399,FILTRADO_POR_CRITERIO
CLUSTER_011,mezclilla,8,0,0.0,0.0184538653366583,-1.8453865336658297,0.0,,0.0,"[0.177, 54.2]",1.0,1.0,NO_SOBRERREPRESENTADO
CLUSTER_011,humedo_explicito,8,0,0.0,0.0922693266832917,-9.22693266832917,0.0,,0.0,"[0.0332, 10]",1.0,1.0,NO_SOBRERREPRESENTADO
CLUSTER_011,lavado_generico,8,1,0.125,0.2992518703241895,-17.42518703241895,0.4177083333333333,-1.2594321691535983,0.3339687835100679,"[0.0809, 2.7]",0.4490528412956053,0.7044773932252156,NO_SOBRERREPRESENTADO
CLUSTER_011,produccion,8,2,0.25,0.1219451371571072,12.80548628428927,2.0501022494887526,1.035695866390049,2.405886379192334,"[0.643, 12]",0.2540586348579618,0.4696651520076916,FILTRADO_POR_CRITERIO
CLUSTER_011,maquila,8,0,0.0,0.1468827930174563,-14.688279301745629,0.0,,0.0,"[0.0196, 5.91]",0.6131981330618644,0.8816375019289009,NO_SOBRERREPRESENTADO
CLUSTER_011,proceso_seco_explicito,8,3,0.375,0.1605985037406483,21.44014962593516,2.3350155279503104,1.2234321439488218,3.146021840873635,"[0.871, 12.8]",0.123479149013671,0.2543968009799728,FILTRADO_POR_CRITERIO
CLUSTER_011,scian_textil,8,7,0.875,0.6044887780548629,27.05112219451371,1.4475041254125411,0.5335674599269358,4.590401323955317,"[0.567, 19]",0.1578267359363553,0.3102111706335259,FILTRADO_POR_CRITERIO
CLUSTER_011,scian_acabado_humedo,8,0,0.0,0.0084788029925187,-0.8478802992518699,0.0,,0.0,"[0.383, 120]",1.0,1.0,NO_SOBRERREPRESENTADO
CLUSTER_011,scian_lavanderia,8,1,0.125,0.3955112219451371,-27.05112219451371,0.316046658259773,-1.661790534361696,0.2178458765209553,"[0.0528, 1.76]",0.1578267359363553,0.3102111706335259,NO_SOBRERREPRESENTADO
CLUSTER_011,actividad_lavanderia_tintoreria,8,1,0.125,0.3955112219451371,-27.05112219451371,0.316046658259773,-1.661790534361696,0.2178458765209553,"[0.0528, 1.76]",0.1578267359363553,0.3102111706335259,NO_SOBRERREPRESENTADO
CLUSTER_011,actividad_acabado_textil,8,0,0.0,0.0084788029925187,-0.8478802992518699,0.0,,0.0,"[0.383, 120]",1.0,1.0,NO_SOBRERREPRESENTADO
CLUSTER_011,actividad_confeccion,8,3,0.375,0.3895261845386533,-1.45261845386533,0.962708066581306,-0.0548297160785404,0.9402180885182808,"[0.261, 3.81]",1.0,1.0,NO_SOBRERREPRESENTADO
CLUSTER_011,actividad_fabricacion_telas,8,0,0.0,0.0386533665835411,-3.86533665835411,0.0,,0.0,"[0.0836, 25.3]",1.0,1.0,NO_SOBRERREPRESENTADO
CLUSTER_011,actividad_tejido_hilado,8,0,0.0,0.0895261845386533,-8.95261845386533,0.0,,0.0,"[0.0343, 10.4]",1.0,1.0,NO_SOBRERREPRESENTADO
CLUSTER_011,actividad_bordado_deshilado,8,2,0.25,0.0446384039900249,20.5361596009975,5.600558659217877,2.4855707440780264,7.203389830508475,"[1.91, 35.9]",0.0464623691718478,0.1177046685686811,FILTRADO_POR_CRITERIO
CLUSTER_011,senal_pantalon,8,0,0.0,0.0366583541147132,-3.66583541147132,0.0,,0.0,"[0.0883, 26.8]",1.0,1.0,NO_SOBRERREPRESENTADO
CLUSTER_011,senal_mezclilla_o_pantalon,8,0,0.0,0.0456359102244389,-4.56359102244389,0.0,,0.0,"[0.0704, 21.3]",1.0,1.0,NO_SOBRERREPRESENTADO
CLUSTER_012,textil,224,147,0.65625,0.2483790523690773,40.78709476309227,2.6421310240963853,1.401702012052962,6.604240282685512,"[4.95, 8.75]",2.276996758762427e-40,3.89366445748375e-39,SOBRERREPRESENTADO
CLUSTER_012,mezclilla,224,19,0.0848214285714285,0.0184538653366583,6.6367563234770195,4.596404440154441,2.2005057470993146,6.287272727272727,"[3.74, 10.9]",1.0116765682886105e-08,5.5805384895920134e-08,SOBRERREPRESENTADO
CLUSTER_012,humedo_explicito,224,0,0.0,0.0922693266832917,-9.22693266832917,0.0,,0.0,"[0.00128, 0.33]",2.8786284995587235e-10,1.727177099735234e-09,NO_SOBRERREPRESENTADO
CLUSTER_012,lavado_generico,224,13,0.0580357142857142,0.2992518703241895,-24.12161560384752,0.1939360119047619,-2.36634737307011,0.1349014002403606,"[0.0803, 0.243]",4.71586983267823e-20,4.608078522217013e-19,NO_SOBRERREPRESENTADO
CLUSTER_012,produccion,224,48,0.2142857142857142,0.1219451371571072,9.2340577128607,1.757230499561788,0.8133034450536011,2.0686456400742115,"[1.49, 2.9]",5.414670139713229e-05,0.0002204544271168,SOBRERREPRESENTADO
CLUSTER_012,maquila,224,56,0.25,0.1468827930174563,10.31172069825436,1.702037351443124,0.767262697511822,2.034396497811132,"[1.49, 2.8]",2.556995502863013e-05,0.0001079620323431,SOBRERREPRESENTADO
CLUSTER_012,proceso_seco_explicito,224,109,0.4866071428571428,0.1605985037406483,32.60086391164944,3.029960625554569,1.5992990459469878,5.759593661113368,"[4.36, 7.59]",3.751765636688645e-32,5.8322902170341675e-31,SOBRERREPRESENTADO
CLUSTER_012,scian_textil,224,208,0.9285714285714286,0.6044887780548629,32.40826505165657,1.536126826968411,0.6192973339528196,9.21028880866426,"[5.4, 14.8]",1.4026501873326817e-29,1.776690237288063e-28,SOBRERREPRESENTADO
CLUSTER_012,scian_acabado_humedo,224,3,0.0133928571428571,0.0084788029925187,0.49140541503384,1.5795693277310925,0.6595312587554951,1.6442855057655816,"[0.619, 5.73]",0.43549993369029,0.6895415616762925,FILTRADO_POR_CRITERIO
CLUSTER_012,scian_lavanderia,224,16,0.0714285714285714,0.3955112219451371,-32.40826505165657,0.180598090434156,-2.4691454564193,0.1085742283194512,"[0.0674, 0.185]",1.4026501873326817e-29,1.776690237288063e-28,NO_SOBRERREPRESENTADO
CLUSTER_012,actividad_lavanderia_tintoreria,224,16,0.0714285714285714,0.3955112219451371,-32.40826505165657,0.180598090434156,-2.4691454564193,0.1085742283194512,"[0.0674, 0.185]",1.4026501873326817e-29,1.776690237288063e-28,NO_SOBRERREPRESENTADO
CLUSTER_012,actividad_acabado_textil,224,3,0.0133928571428571,0.0084788029925187,0.49140541503384,1.5795693277310925,0.6595312587554951,1.6442855057655816,"[0.619, 5.73]",0.43549993369029,0.6895415616762925,FILTRADO_POR_CRITERIO
CLUSTER_012,actividad_confeccion,224,188,0.8392857142857143,0.3895261845386533,44.97595297470609,2.154632339491495,1.1074417128203369,9.167394468704511,"[6.32, 13]",6.326253243327714e-46,1.4423857394787191e-44,SOBRERREPRESENTADO
CLUSTER_012,actividad_fabricacion_telas,224,3,0.0133928571428571,0.0386533665835411,-2.5260509440684,0.3464861751152073,-1.5291303052684029,0.3245415575136937,"[0.129, 1.1]",0.0470940673130737,0.1184277280961119,NO_SOBRERREPRESENTADO
CLUSTER_012,actividad_tejido_hilado,224,4,0.0178571428571428,0.0895261845386533,-7.16690416815105,0.1994627934739355,-2.3258084345383727,0.1757234314980794,"[0.077, 0.504]",1.0134069498316497e-05,4.560331274242423e-05,NO_SOBRERREPRESENTADO
CLUSTER_012,actividad_bordado_deshilado,224,12,0.0535714285714285,0.0446384039900249,0.89330245814036,1.200119712689545,0.2631783227415783,1.2266410575076263,"[0.704, 2.3]",0.5033554482729734,0.7719621673065332,FILTRADO_POR_CRITERIO
CLUSTER_012,senal_pantalon,224,19,0.0848214285714285,0.0366583541147132,4.81630744567153,2.3138362487852286,1.2102867678918998,2.648704268292683,"[1.64, 4.44]",0.0006224411569971,0.0021502512696266,SOBRERREPRESENTADO
CLUSTER_012,senal_mezclilla_o_pantalon,224,31,0.1383928571428571,0.0456359102244389,9.275694691841819,3.03254293520687,1.6005280713875114,3.840128170166349,"[2.57, 5.85]",1.2363481160470065e-08,6.71160405854089e-08,SOBRERREPRESENTADO
CLUSTER_013,textil,149,79,0.5302013422818792,0.2483790523690773,28.18222899128019,2.134645966416,1.093996816989143,3.6232434958716313,"[2.6, 5.03]",5.320887918758052e-14,4.231962019105241e-13,SOBRERREPRESENTADO
CLUSTER_013,mezclilla,149,0,0.0,0.0184538653366583,-1.8453865336658297,0.0,,0.0,"[0.0105, 2.76]",0.1146245394408293,0.2419851388195286,NO_SOBRERREPRESENTADO
CLUSTER_013,humedo_explicito,149,0,0.0,0.0922693266832917,-9.22693266832917,0.0,,0.0,"[0.00196, 0.507]",7.399916872617999e-07,3.564467000613177e-06,NO_SOBRERREPRESENTADO
CLUSTER_013,lavado_generico,149,11,0.0738255033557047,0.2992518703241895,-22.54263669684848,0.2467002237136465,-2.0191690709784624,0.1791299472215111,"[0.102, 0.342]",1.4089873351517676e-11,9.26680131965201e-11,NO_SOBRERREPRESENTADO
CLUSTER_013,produccion,149,14,0.0939597315436241,0.1219451371571072,-2.7985405613483,0.7705082279957728,-0.3761177320145085,0.7392436647173489,"[0.44, 1.32]",0.3705988140583265,0.6243585931425993,NO_SOBRERREPRESENTADO
CLUSTER_013,maquila,149,55,0.3691275167785235,0.1468827930174563,22.22447237610671,2.513075284009982,1.32945389057432,3.645409992828114,"[2.59, 5.16]",6.19884969606333e-12,4.156875678536586e-11,SOBRERREPRESENTADO
CLUSTER_013,proceso_seco_explicito,149,71,0.4765100671140939,0.1605985037406483,31.59115633734455,2.967089082496144,1.569048242270186,5.223251443146731,"[3.75, 7.28]",2.7717517686603217e-20,2.788056190828912e-19,SOBRERREPRESENTADO
CLUSTER_013,scian_textil,149,137,0.9194630872483222,0.6044887780548629,31.49743091934592,1.52105898509314,0.6050761003676967,7.857382305786328,"[4.23, 13.6]",1.1617780829453896e-18,1.0187900111982649e-17,SOBRERREPRESENTADO
CLUSTER_013,scian_acabado_humedo,149,0,0.0,0.0084788029925187,-0.8478802992518699,0.0,,0.0,"[0.0226, 6.08]",0.6367381958375395,0.8816375019289009,NO_SOBRERREPRESENTADO
CLUSTER_013,scian_lavanderia,149,12,0.0805369127516778,0.3955112219451371,-31.49743091934593,0.2036273771338134,-2.295996554102701,0.1272688487186859,"[0.0738, 0.237]",1.1617780829453896e-18,1.0187900111982649e-17,NO_SOBRERREPRESENTADO
CLUSTER_013,actividad_lavanderia_tintoreria,149,12,0.0805369127516778,0.3955112219451371,-31.49743091934593,0.2036273771338134,-2.295996554102701,0.1272688487186859,"[0.0738, 0.237]",1.1617780829453896e-18,1.0187900111982649e-17,NO_SOBRERREPRESENTADO
CLUSTER_013,actividad_acabado_textil,149,0,0.0,0.0084788029925187,-0.8478802992518699,0.0,,0.0,"[0.0226, 6.08]",0.6367381958375395,0.8816375019289009,NO_SOBRERREPRESENTADO
CLUSTER_013,actividad_confeccion,149,121,0.8120805369127517,0.3895261845386533,42.25543523740984,2.0847906229322244,1.0599025000127364,7.257360959651036,"[4.74, 10.8]",6.281339329723575e-27,7.407648450915389e-26,SOBRERREPRESENTADO
CLUSTER_013,actividad_fabricacion_telas,149,0,0.0,0.0386533665835411,-3.86533665835411,0.0,,0.0,"[0.00494, 1.29]",0.0041289075165173,0.0122790119186863,NO_SOBRERREPRESENTADO
CLUSTER_013,actividad_tejido_hilado,149,5,0.0335570469798657,0.0895261845386533,-5.59691375587875,0.3748294105550466,-1.415693938055568,0.3439854048964218,"[0.16, 0.889]",0.0120286157041863,0.0337195620559978,NO_SOBRERREPRESENTADO
CLUSTER_013,actividad_bordado_deshilado,149,6,0.0402684563758389,0.0446384039900249,-0.43699476141859994,0.902103408196168,-0.1486352756629792,0.8944581430130563,"[0.432, 2.14]",1.0,1.0,NO_SOBRERREPRESENTADO
CLUSTER_013,senal_pantalon,149,0,0.0,0.0366583541147132,-3.66583541147132,0.0,,0.0,"[0.00522, 1.36]",0.0063056006027594,0.0181219782028885,NO_SOBRERREPRESENTADO
CLUSTER_013,senal_mezclilla_o_pantalon,149,0,0.0,0.0456359102244389,-4.56359102244389,0.0,,0.0,"[0.00416, 1.08]",0.001897677642879,0.0059000523078603,NO_SOBRERREPRESENTADO
CLUSTER_014,textil,14,6,0.4285714285714285,0.2483790523690773,18.01923762023512,1.7254733218588638,0.7869921679377536,2.277272727272728,"[0.834, 6.46]",0.1266785232011311,0.2594254786514182,FILTRADO_POR_CRITERIO
CLUSTER_014,mezclilla,14,0,0.0,0.0184538653366583,-1.8453865336658297,0.0,,0.0,"[0.107, 30.7]",1.0,1.0,NO_SOBRERREPRESENTADO
CLUSTER_014,humedo_explicito,14,2,0.1428571428571428,0.0922693266832917,5.058781617385099,1.5482625482625485,0.6306501387683664,1.6431159420289856,"[0.504, 7.69]",0.3752958015898444,0.6291723732535628,FILTRADO_POR_CRITERIO
CLUSTER_014,lavado_generico,14,5,0.3571428571428571,0.2992518703241895,5.78909868186676,1.193452380952381,0.25514100367616,1.302185030218503,"[0.474, 3.89]",0.770421427177148,1.0,FILTRADO_POR_CRITERIO
CLUSTER_014,produccion,14,4,0.2857142857142857,0.1219451371571072,16.37691485571784,2.342973999415717,1.228340944332445,2.895670103092784,"[1.02, 9.39]",0.0808147560221398,0.188018003806611,FILTRADO_POR_CRITERIO
CLUSTER_014,maquila,14,0,0.0,0.1468827930174563,-14.688279301745629,0.0,,0.0,"[0.0119, 3.35]",0.2457195339956862,0.4642877382680922,NO_SOBRERREPRESENTADO
CLUSTER_014,proceso_seco_explicito,14,6,0.4285714285714285,0.1605985037406483,26.79729248307801,2.668589174800355,1.4160772218912177,3.947492163009404,"[1.44, 11.2]",0.0158335488580496,0.0429767754718489,SOBRERREPRESENTADO
CLUSTER_014,scian_textil,14,9,0.6428571428571429,0.6044887780548629,3.836836480228,1.0634724186704383,0.08878261725404,1.1783850931677018,"[0.395, 3.24]",1.0,1.0,FILTRADO_POR_CRITERIO
CLUSTER_014,scian_acabado_humedo,14,0,0.0,0.0084788029925187,-0.8478802992518699,0.0,,0.0,"[0.232, 67.7]",1.0,1.0,NO_SOBRERREPRESENTADO
CLUSTER_014,scian_lavanderia,14,5,0.3571428571428571,0.3955112219451371,-3.836836480228,0.90299045217078,-0.1472173615319376,0.8486190174994729,"[0.309, 2.53]",1.0,1.0,NO_SOBRERREPRESENTADO
CLUSTER_014,actividad_lavanderia_tintoreria,14,5,0.3571428571428571,0.3955112219451371,-3.836836480228,0.90299045217078,-0.1472173615319376,0.8486190174994729,"[0.309, 2.53]",1.0,1.0,NO_SOBRERREPRESENTADO
CLUSTER_014,actividad_acabado_textil,14,0,0.0,0.0084788029925187,-0.8478802992518699,0.0,,0.0,"[0.232, 67.7]",1.0,1.0,NO_SOBRERREPRESENTADO
CLUSTER_014,actividad_confeccion,14,6,0.4285714285714285,0.3895261845386533,3.9045244032775197,1.1002377903786356,0.1378153618638555,1.1760925449871464,"[0.431, 3.34]",0.788241804294382,1.0,FILTRADO_POR_CRITERIO
CLUSTER_014,actividad_fabricacion_telas,14,0,0.0,0.0386533665835411,-3.86533665835411,0.0,,0.0,"[0.0506, 14.3]",1.0,1.0,NO_SOBRERREPRESENTADO
CLUSTER_014,actividad_tejido_hilado,14,0,0.0,0.0895261845386533,-8.95261845386533,0.0,,0.0,"[0.0208, 5.86]",0.6292058646673595,0.8816375019289009,NO_SOBRERREPRESENTADO
CLUSTER_014,actividad_bordado_deshilado,14,3,0.2142857142857142,0.0446384039900249,16.96473102956893,4.80047885075818,2.2631783227415783,5.919421487603306,"[1.97, 22]",0.0221283454719818,0.0577701843619678,FILTRADO_POR_CRITERIO
CLUSTER_014,senal_pantalon,14,0,0.0,0.0366583541147132,-3.66583541147132,0.0,,0.0,"[0.0534, 15.2]",1.0,1.0,NO_SOBRERREPRESENTADO
CLUSTER_014,senal_mezclilla_o_pantalon,14,0,0.0,0.0456359102244389,-4.56359102244389,0.0,,0.0,"[0.0426, 12.1]",1.0,1.0,NO_SOBRERREPRESENTADO
CLUSTER_015,textil,92,21,0.2282608695652173,0.2483790523690773,-2.01181828038599,0.9190020953378732,-0.121859944004051,0.8927843986998917,"[0.557, 1.48]",0.7153057893288073,0.970772142660524,NO_SOBRERREPRESENTADO
CLUSTER_015,mezclilla,92,0,0.0,0.0184538653366583,-1.8453865336658297,0.0,,0.0,"[0.0172, 4.54]",0.4170773059457465,0.6701184349750399,NO_SOBRERREPRESENTADO
CLUSTER_015,humedo_explicito,92,6,0.0652173913043478,0.0922693266832917,-2.70519353789439,0.7068155111633373,-0.5005943945098861,0.6811909021211346,"[0.328, 1.64]",0.4664204588362052,0.7250718041908282,NO_SOBRERREPRESENTADO
CLUSTER_015,lavado_generico,92,35,0.3804347826086957,0.2992518703241895,8.118291228450609,1.271286231884058,0.3462888917343555,1.451020254498908,"[0.955, 2.23]",0.1060710392890484,0.2311280750773512,FILTRADO_POR_CRITERIO
CLUSTER_015,produccion,92,12,0.1304347826086956,0.1219451371571072,0.8489645451588399,1.0696185649506535,0.0970964110541922,1.0820754716981131,"[0.612, 2.05]",0.7480038533069328,0.9915399915929108,FILTRADO_POR_CRITERIO
CLUSTER_015,maquila,92,11,0.1195652173913043,0.1468827930174563,-2.7317575626151998,0.814017863733668,-0.2968676399078935,0.7847409116151908,"[0.437, 1.52]",0.5515304862684776,0.8309402039815829,NO_SOBRERREPRESENTADO
CLUSTER_015,proceso_seco_explicito,92,17,0.1847826086956521,0.1605985037406483,2.41841049550037,1.1505873615987037,0.2023705284209921,1.1897288676236044,"[0.718, 2.06]",0.5646769132713552,0.8470153699070327,FILTRADO_POR_CRITERIO
CLUSTER_015,scian_textil,92,47,0.5108695652173914,0.6044887780548629,-9.36192128374715,0.8451266322284402,-0.2427605665100438,0.6771093348291497,"[0.448, 1.02]",0.0671076362195482,0.162771713383585,NO_SOBRERREPRESENTADO
CLUSTER_015,scian_acabado_humedo,92,0,0.0,0.0084788029925187,-0.8478802992518699,0.0,,0.0,"[0.037, 10]",1.0,1.0,NO_SOBRERREPRESENTADO
CLUSTER_015,scian_lavanderia,92,45,0.4891304347826087,0.3955112219451371,9.36192128374715,1.236704314929547,0.3065006059109662,1.4768663619920748,"[0.979, 2.23]",0.0671076362195482,0.162771713383585,FILTRADO_POR_CRITERIO
CLUSTER_015,actividad_lavanderia_tintoreria,92,45,0.4891304347826087,0.3955112219451371,9.36192128374715,1.236704314929547,0.3065006059109662,1.4768663619920748,"[0.979, 2.23]",0.0671076362195482,0.162771713383585,FILTRADO_POR_CRITERIO
CLUSTER_015,actividad_acabado_textil,92,0,0.0,0.0084788029925187,-0.8478802992518699,0.0,,0.0,"[0.037, 10]",1.0,1.0,NO_SOBRERREPRESENTADO
CLUSTER_015,actividad_confeccion,92,37,0.4021739130434782,0.3895261845386533,1.26477285048249,1.0324695206814007,0.0460991927722403,1.055630402384501,"[0.697, 1.61]",0.8290820603230156,1.0,FILTRADO_POR_CRITERIO
CLUSTER_015,actividad_fabricacion_telas,92,1,0.0108695652173913,0.0386533665835411,-2.7783801366149796,0.2812061711079944,-1.830299839988968,0.26858855430284,"[0.0789, 2.02]",0.2657343687809786,0.4886083555005091,NO_SOBRERREPRESENTADO
CLUSTER_015,actividad_tejido_hilado,92,1,0.0108695652173913,0.0895261845386533,-7.8656619321262,0.1214121351580477,-3.0420154685377816,0.1092761986616735,"[0.0323, 0.82]",0.0027228980676109,0.0082409835320613,NO_SOBRERREPRESENTADO
CLUSTER_015,actividad_bordado_deshilado,92,5,0.0543478260869565,0.0446384039900249,0.9709422096931499,1.2175127520038862,0.2839368829083755,1.2366230677764567,"[0.562, 3.24]",0.6054760732183092,0.8816375019289009,FILTRADO_POR_CRITERIO
CLUSTER_015,senal_pantalon,92,0,0.0,0.0366583541147132,-3.66583541147132,0.0,,0.0,"[0.00854, 2.24]",0.0495050390493019,0.1235819222982574,NO_SOBRERREPRESENTADO
CLUSTER_015,senal_mezclilla_o_pantalon,92,0,0.0,0.0456359102244389,-4.56359102244389,0.0,,0.0,"[0.0068, 1.78]",0.0214358381817681,0.0568298965749202,NO_SOBRERREPRESENTADO
CLUSTER_016,textil,51,11,0.2156862745098039,0.2483790523690773,-3.2692777859273296,0.8683754626348532,-0.2036091340599965,0.8303045685279188,"[0.443, 1.66]",0.7442100222986278,0.9903495238370844,NO_SOBRERREPRESENTADO
CLUSTER_016,mezclilla,51,0,0.0,0.0184538653366583,-1.8453865336658297,0.0,,0.0,"[0.031, 8.28]",1.0,1.0,NO_SOBRERREPRESENTADO
CLUSTER_016,humedo_explicito,51,1,0.0196078431372549,0.0922693266832917,-7.26614835460368,0.2125066242713301,-2.234420281145525,0.194579945799458,"[0.0567, 1.47]",0.0845402198822712,0.194015565679722,NO_SOBRERREPRESENTADO
CLUSTER_016,lavado_generico,51,8,0.1568627450980392,0.2992518703241895,-14.23891252261503,0.5241830065359476,-0.931857511125094,0.4318713906664586,"[0.217, 0.949]",0.0299652672786174,0.0776372834036906,NO_SOBRERREPRESENTADO
CLUSTER_016,produccion,51,3,0.0588235294117647,0.1219451371571072,-6.3121607745342505,0.4823769998797065,-1.0517669748602905,0.4466306584362139,"[0.173, 1.53]",0.19956074488327,0.3834257008431369,NO_SOBRERREPRESENTADO
CLUSTER_016,maquila,51,23,0.4509803921568627,0.1468827930174563,30.409759913940633,3.070341888877792,1.6183993115973392,4.924217566885411,"[2.84, 8.59]",1.5715127632827598e-07,8.021751717055282e-07,SOBRERREPRESENTADO
CLUSTER_016,proceso_seco_explicito,51,9,0.1764705882352941,0.1605985037406483,1.5872084494645702,1.0988308366824993,0.1359693026984826,1.1217097862767154,"[0.576, 2.37]",0.7028225234206884,0.9576306892823724,FILTRADO_POR_CRITERIO
CLUSTER_016,scian_textil,51,43,0.8431372549019608,0.6044887780548629,23.86484768470979,1.3947938911538211,0.4800519505999339,3.5622637547249054,"[1.62, 7.09]",0.0002653105901091,0.0009551181243929,SOBRERREPRESENTADO
CLUSTER_016,scian_acabado_humedo,51,1,0.0196078431372549,0.0084788029925187,1.11290401447361,2.3125720876585927,1.2094983381204476,2.3793939393939394,"[0.663, 18.3]",0.3540315757818587,0.6053939945869784,FILTRADO_POR_CRITERIO
CLUSTER_016,scian_lavanderia,51,8,0.1568627450980392,0.3955112219451371,-23.86484768470979,0.396607571149519,-1.3342158763331915,0.2807203702066201,"[0.141, 0.617]",0.0002653105901091,0.0009551181243929,NO_SOBRERREPRESENTADO
CLUSTER_016,actividad_lavanderia_tintoreria,51,8,0.1568627450980392,0.3955112219451371,-23.86484768470979,0.396607571149519,-1.3342158763331915,0.2807203702066201,"[0.141, 0.617]",0.0002653105901091,0.0009551181243929,NO_SOBRERREPRESENTADO
CLUSTER_016,actividad_acabado_textil,51,1,0.0196078431372549,0.0084788029925187,1.11290401447361,2.3125720876585927,1.2094983381204476,2.3793939393939394,"[0.663, 18.3]",0.3540315757818587,0.6053939945869784,FILTRADO_POR_CRITERIO
CLUSTER_016,actividad_confeccion,51,36,0.7058823529411765,0.3895261845386533,31.635616840252318,1.812156360623635,0.8577074426711203,3.826474442988205,"[2.07, 6.82]",7.206383356800138e-06,3.286110810700863e-05,SOBRERREPRESENTADO
CLUSTER_016,actividad_fabricacion_telas,51,1,0.0196078431372549,0.0386533665835411,-1.90455234462862,0.5072738772928526,-0.9791632259034508,0.4941558441558442,"[0.143, 3.74]",0.7221441524304542,0.9723358272882492,NO_SOBRERREPRESENTADO
CLUSTER_016,actividad_tejido_hilado,51,1,0.0196078431372549,0.0895261845386533,-6.991834140139839,0.2190179693047135,-2.190878854452264,0.2011731843575419,"[0.0586, 1.52]",0.0841083889232231,0.194015565679722,NO_SOBRERREPRESENTADO
CLUSTER_016,actividad_bordado_deshilado,51,3,0.0588235294117647,0.0446384039900249,1.41851254217397,1.3177785080512652,0.3981079028276867,1.3433948863636365,"[0.517, 4.63]",0.4957461892959819,0.7637171024289451,FILTRADO_POR_CRITERIO
CLUSTER_016,senal_pantalon,51,1,0.0196078431372549,0.0366583541147132,-1.70505109774583,0.5348806189142323,-0.9027111654655774,0.5223287671232877,"[0.151, 3.96]",1.0,1.0,NO_SOBRERREPRESENTADO
CLUSTER_016,senal_mezclilla_o_pantalon,51,1,0.0196078431372549,0.0456359102244389,-2.60280670871839,0.4296582020786457,-1.2187386589132554,0.415054945054945,"[0.12, 3.14]",0.7293662503358522,0.9743877250580526,NO_SOBRERREPRESENTADO
CLUSTER_017,textil,45,11,0.2444444444444444,0.2483790523690773,-0.39346079246328,0.9841588576528336,-0.0230368884181758,0.9787996416840848,"[0.515, 1.97]",1.0,1.0,NO_SOBRERREPRESENTADO
CLUSTER_017,mezclilla,45,0,0.0,0.0184538653366583,-1.8453865336658297,0.0,,0.0,"[0.035, 9.41]",1.0,1.0,NO_SOBRERREPRESENTADO
CLUSTER_017,humedo_explicito,45,0,0.0,0.0922693266832917,-9.22693266832917,0.0,,0.0,"[0.00656, 1.73]",0.0191609415794117,0.0511956407824907,NO_SOBRERREPRESENTADO
CLUSTER_017,lavado_generico,45,6,0.1333333333333333,0.2992518703241895,-16.591853699085622,0.4455555555555555,-1.1663227647621168,0.357041618348151,"[0.166, 0.878]",0.0134491169002177,0.0367967838389956,NO_SOBRERREPRESENTADO
CLUSTER_017,produccion,45,5,0.1111111111111111,0.1219451371571072,-1.08340260459961,0.9111565553283344,-0.1342291350522634,0.8990185950413223,"[0.398, 2.39]",1.0,1.0,NO_SOBRERREPRESENTADO
CLUSTER_017,maquila,45,8,0.1777777777777777,0.1468827930174563,3.08949847603214,1.210337672137333,0.2754096011821473,1.2593385123505605,"[0.623, 2.79]",0.5260188836169983,0.7960752368785623,FILTRADO_POR_CRITERIO
CLUSTER_017,proceso_seco_explicito,45,11,0.2444444444444444,0.1605985037406483,8.3845940703796,1.522084195997239,0.6060481655352881,1.703001579778831,"[0.895, 3.44]",0.1491255791958803,0.3000055769705356,FILTRADO_POR_CRITERIO
CLUSTER_017,scian_textil,45,39,0.8666666666666667,0.6044887780548629,26.21778886118038,1.4337183718371835,0.5197616604019052,4.30607966457023,"[1.75, 9.25]",0.000170048553799,0.0006461845044364,SOBRERREPRESENTADO
CLUSTER_017,scian_acabado_humedo,45,0,0.0,0.0084788029925187,-0.8478802992518699,0.0,,0.0,"[0.0756, 20.7]",1.0,1.0,NO_SOBRERREPRESENTADO
CLUSTER_017,scian_lavanderia,45,6,0.1333333333333333,0.3955112219451371,-26.21778886118038,0.3371164354770912,-1.5686811299702144,0.2322297955209347,"[0.108, 0.571]",0.000170048553799,0.0006461845044364,NO_SOBRERREPRESENTADO
CLUSTER_017,actividad_lavanderia_tintoreria,45,6,0.1333333333333333,0.3955112219451371,-26.21778886118038,0.3371164354770912,-1.5686811299702144,0.2322297955209347,"[0.108, 0.571]",0.000170048553799,0.0006461845044364,NO_SOBRERREPRESENTADO
CLUSTER_017,actividad_acabado_textil,45,0,0.0,0.0084788029925187,-0.8478802992518699,0.0,,0.0,"[0.0756, 20.7]",1.0,1.0,NO_SOBRERREPRESENTADO
CLUSTER_017,actividad_confeccion,45,38,0.8444444444444444,0.3895261845386533,45.49182599057911,2.16787594252383,1.1162822003142143,8.694975628046494,"[3.75, 18]",5.514904606898105e-10,3.2518920268261247e-09,SOBRERREPRESENTADO
CLUSTER_017,actividad_fabricacion_telas,45,0,0.0,0.0386533665835411,-3.86533665835411,0.0,,0.0,"[0.0165, 4.39]",0.4193138745165454,0.6701184349750399,NO_SOBRERREPRESENTADO
CLUSTER_017,actividad_tejido_hilado,45,0,0.0,0.0895261845386533,-8.95261845386533,0.0,,0.0,"[0.00678, 1.79]",0.0306082667526433,0.0787069716496543,NO_SOBRERREPRESENTADO
CLUSTER_017,actividad_bordado_deshilado,45,1,0.0222222222222222,0.0446384039900249,-2.24161817678027,0.4978274363749224,-1.0062823522516484,0.4835291113381001,"[0.14, 3.67]",0.721577057256346,0.9723358272882492,NO_SOBRERREPRESENTADO
CLUSTER_017,senal_pantalon,45,0,0.0,0.0366583541147132,-3.66583541147132,0.0,,0.0,"[0.0174, 4.64]",0.4116988546632519,0.6673033568475458,NO_SOBRERREPRESENTADO
CLUSTER_017,senal_mezclilla_o_pantalon,45,0,0.0,0.0456359102244389,-4.56359102244389,0.0,,0.0,"[0.0139, 3.69]",0.2682327082930381,0.4905646322792462,NO_SOBRERREPRESENTADO
CLUSTER_018,textil,32,15,0.46875,0.2483790523690773,22.03709476309227,1.8872364457831323,0.9162751848827202,2.695628710199676,"[1.36, 5.38]",0.006619932237274,0.0188668068762311,SOBRERREPRESENTADO
CLUSTER_018,mezclilla,32,0,0.0,0.0184538653366583,-1.8453865336658297,0.0,,0.0,"[0.0489, 13.3]",1.0,1.0,NO_SOBRERREPRESENTADO
CLUSTER_018,humedo_explicito,32,2,0.0625,0.0922693266832917,-2.97693266832917,0.6773648648648649,-0.5619949391740294,0.6539855072463768,"[0.22, 2.93]",0.7638598899884907,1.0,NO_SOBRERREPRESENTADO
CLUSTER_018,lavado_generico,32,10,0.3125,0.2992518703241895,1.32481296758104,1.0442708333333333,0.062495925733764,1.0649350649350648,"[0.524, 2.28]",0.8480278810206714,1.0,FILTRADO_POR_CRITERIO
CLUSTER_018,produccion,32,6,0.1875,0.1219451371571072,6.5554862842892705,1.5375766871165646,0.6206583671112053,1.6698518872431916,"[0.748, 4.2]",0.2715926621430362,0.4940675024091404,FILTRADO_POR_CRITERIO
CLUSTER_018,maquila,32,1,0.03125,0.1468827930174563,-11.563279301745629,0.2127546689303905,-2.2327373024881783,0.1859776168531929,"[0.0532, 1.41]",0.0758816042063128,0.1777500591682123,NO_SOBRERREPRESENTADO
CLUSTER_018,proceso_seco_explicito,32,9,0.28125,0.1605985037406483,12.065149625935161,1.7512616459627328,0.8083946446699779,2.06004792879151,"[0.996, 4.54]",0.0850945463507552,0.194015565679722,FILTRADO_POR_CRITERIO
CLUSTER_018,scian_textil,32,19,0.59375,0.6044887780548629,-1.0738778054862799,0.9822349422442244,-0.0258599486870828,0.955925155925156,"[0.471, 1.9]",1.0,1.0,NO_SOBRERREPRESENTADO
CLUSTER_018,scian_acabado_humedo,32,0,0.0,0.0084788029925187,-0.8478802992518699,0.0,,0.0,"[0.106, 29.3]",1.0,1.0,NO_SOBRERREPRESENTADO
CLUSTER_018,scian_lavanderia,32,13,0.40625,0.3955112219451371,1.0738778054862799,1.0271516393442623,0.0386491837793964,1.046107003044802,"[0.527, 2.12]",1.0,1.0,FILTRADO_POR_CRITERIO
CLUSTER_018,actividad_lavanderia_tintoreria,32,13,0.40625,0.3955112219451371,1.0738778054862799,1.0271516393442623,0.0386491837793964,1.046107003044802,"[0.527, 2.12]",1.0,1.0,FILTRADO_POR_CRITERIO
CLUSTER_018,actividad_acabado_textil,32,0,0.0,0.0084788029925187,-0.8478802992518699,0.0,,0.0,"[0.106, 29.3]",1.0,1.0,NO_SOBRERREPRESENTADO
CLUSTER_018,actividad_confeccion,32,13,0.40625,0.3895261845386533,1.6723815461346598,1.0429337387964148,0.0606475013413954,1.0729163127314736,"[0.541, 2.18]",0.8570588496179796,1.0,FILTRADO_POR_CRITERIO
CLUSTER_018,actividad_fabricacion_telas,32,0,0.0,0.0386533665835411,-3.86533665835411,0.0,,0.0,"[0.0231, 6.21]",0.6344450908023093,0.8816375019289009,NO_SOBRERREPRESENTADO
CLUSTER_018,actividad_tejido_hilado,32,0,0.0,0.0895261845386533,-8.95261845386533,0.0,,0.0,"[0.00946, 2.53]",0.1100635415104051,0.235260819978491,NO_SOBRERREPRESENTADO
CLUSTER_018,actividad_bordado_deshilado,32,3,0.09375,0.0446384039900249,4.9111596009975,2.100209497206704,1.0705332447991824,2.234717868338558,"[0.835, 7.82]",0.169518405538821,0.3294050834902089,FILTRADO_POR_CRITERIO
CLUSTER_018,senal_pantalon,32,0,0.0,0.0366583541147132,-3.66583541147132,0.0,,0.0,"[0.0244, 6.56]",0.6302080797485068,0.8816375019289009,NO_SOBRERREPRESENTADO
CLUSTER_018,senal_mezclilla_o_pantalon,32,0,0.0,0.0456359102244389,-4.56359102244389,0.0,,0.0,"[0.0194, 5.22]",0.4004445778453727,0.6543846810980979,NO_SOBRERREPRESENTADO
CLUSTER_019,textil,100,39,0.39,0.2483790523690773,14.16209476309227,1.5701807228915663,0.6509306183617254,1.9728146359011252,"[1.32, 2.97]",0.0014608203936725,0.0046691642489347,SOBRERREPRESENTADO
CLUSTER_019,mezclilla,100,1,0.01,0.0184538653366583,-0.8453865336658299,0.5418918918918919,-0.8839230340613918,0.5309256953092569,"[0.154, 4.01]",1.0,1.0,NO_SOBRERREPRESENTADO
CLUSTER_019,humedo_explicito,100,1,0.01,0.0922693266832917,-8.226932668329171,0.1083783783783783,-3.2058511289487543,0.0969313733541375,"[0.0287, 0.727]",0.0012550113098364,0.0040877511234671,NO_SOBRERREPRESENTADO
CLUSTER_019,lavado_generico,100,8,0.08,0.2992518703241895,-21.92518703241895,0.2673333333333333,-1.903288358928323,0.1982783775897286,"[0.103, 0.424]",1.0404408910263144e-07,5.391375526227266e-07,NO_SOBRERREPRESENTADO
CLUSTER_019,produccion,100,35,0.35,0.1219451371571072,22.80548628428927,2.870143149284253,1.5211226935602906,4.098949508641138,"[2.71, 6.27]",1.7418478080283541e-09,9.928532505761616e-09,SOBRERREPRESENTADO
CLUSTER_019,maquila,100,44,0.44,0.1468827930174563,29.311720698254362,2.9955857385398983,1.5828381263743945,4.85124508519004,"[3.25, 7.27]",7.980389675097186e-13,6.0650961530738616e-12,SOBRERREPRESENTADO
CLUSTER_019,proceso_seco_explicito,100,23,0.23,0.1605985037406483,6.9401496259351605,1.4321428571428572,0.5181754095099539,1.582010582010582,"[1, 2.57]",0.0713238263673609,0.1693940876224823,FILTRADO_POR_CRITERIO
CLUSTER_019,scian_textil,100,91,0.91,0.6044887780548629,30.55112219451371,1.5054042904290428,0.5901509882933031,6.834643044244416,"[3.33, 12.7]",5.6508365571548395e-12,3.865172205093911e-11,SOBRERREPRESENTADO
CLUSTER_019,scian_acabado_humedo,100,0,0.0,0.0084788029925187,-0.8478802992518699,0.0,,0.0,"[0.034, 9.18]",1.0,1.0,NO_SOBRERREPRESENTADO
CLUSTER_019,scian_lavanderia,100,9,0.09,0.3955112219451371,-30.55112219451371,0.2275535939470365,-2.1357217226941083,0.1463134202512769,"[0.0785, 0.3]",5.6508365571548395e-12,3.865172205093911e-11,NO_SOBRERREPRESENTADO
CLUSTER_019,actividad_lavanderia_tintoreria,100,9,0.09,0.3955112219451371,-30.55112219451371,0.2275535939470365,-2.1357217226941083,0.1463134202512769,"[0.0785, 0.3]",5.6508365571548395e-12,3.865172205093911e-11,NO_SOBRERREPRESENTADO
CLUSTER_019,actividad_acabado_textil,100,0,0.0,0.0084788029925187,-0.8478802992518699,0.0,,0.0,"[0.034, 9.18]",1.0,1.0,NO_SOBRERREPRESENTADO
CLUSTER_019,actividad_confeccion,100,76,0.76,0.3895261845386533,37.04738154613466,1.951088348271447,0.9642791068691642,5.165545087483176,"[3.22, 8.06]",4.4471433544085065e-14,3.6212453028754983e-13,SOBRERREPRESENTADO
CLUSTER_019,actividad_fabricacion_telas,100,2,0.02,0.0386533665835411,-1.8653366583541098,0.5174193548387097,-0.9505940737066796,0.5011337868480725,"[0.175, 2.2]",0.4376228483399282,0.6897097425449561,NO_SOBRERREPRESENTADO
CLUSTER_019,actividad_tejido_hilado,100,4,0.04,0.0895261845386533,-4.95261845386533,0.4467966573816156,-1.1623097022554931,0.4172535211267605,"[0.18, 1.21]",0.1067784674333962,0.2311280750773512,NO_SOBRERREPRESENTADO
CLUSTER_019,actividad_bordado_deshilado,100,10,0.1,0.0446384039900249,5.5361596009975,2.240223463687151,1.1636426491906642,2.4595660749506902,"[1.33, 4.94]",0.012904827799534,0.0358817163206557,SOBRERREPRESENTADO
CLUSTER_019,senal_pantalon,100,0,0.0,0.0366583541147132,-3.66583541147132,0.0,,0.0,"[0.00785, 2.05]",0.0518683794539136,0.1285433751683947,NO_SOBRERREPRESENTADO
CLUSTER_019,senal_mezclilla_o_pantalon,100,1,0.01,0.0456359102244389,-3.5635910224438896,0.2191256830601093,-2.1901695067164844,0.2069042069042069,"[0.061, 1.56]",0.0895173814182246,0.2027479764571709,NO_SOBRERREPRESENTADO
CLUSTER_020,textil,1997,285,0.1427140711066599,0.2483790523690773,-10.56649812624173,0.5745817521462917,-0.7994159191176669,0.3048473914586537,"[0.261, 0.356]",6.404933430869194e-55,1.82540602779772e-53,NO_SOBRERREPRESENTADO
CLUSTER_020,mezclilla,1997,3,0.0015022533800701,0.0184538653366583,-1.69516119565882,0.0814058926227178,-3.618722961009484,0.0411516238857417,"[0.0163, 0.14]",4.1617186577900015e-18,3.55826945241045e-17,NO_SOBRERREPRESENTADO
CLUSTER_020,humedo_explicito,1997,313,0.1567351026539809,0.0922693266832917,6.44657759706892,1.6986696260607126,0.7644052903146162,6.378172271533942,"[4.74, 8.45]",1.6040656242068404e-48,3.9185031677052807e-47,SOBRERREPRESENTADO
CLUSTER_020,lavado_generico,1997,871,0.4361542313470205,0.2992518703241895,13.690236102283098,1.4574820564179602,0.5434781220012938,3.959368774530711,"[3.41, 4.58]",2.9980070992486638e-81,1.1392426977144924e-79,SOBRERREPRESENTADO
CLUSTER_020,produccion,1997,169,0.0846269404106159,0.1219451371571072,-3.7318196746491297,0.6939755236126174,-0.5270433147717392,0.4891223331509847,"[0.402, 0.597]",4.707487137776863e-13,3.659001366181107e-12,NO_SOBRERREPRESENTADO
CLUSTER_020,maquila,1997,43,0.0215322984476715,0.1468827930174563,-12.53504945697848,0.1465951048814308,-2.7700911652300526,0.059126390497936,"[0.0436, 0.082]",2.388308420123547e-127,1.6336029593645058e-125,NO_SOBRERREPRESENTADO
CLUSTER_020,proceso_seco_explicito,1997,169,0.0846269404106159,0.1605985037406483,-7.597156333003239,0.5269472531779035,-0.9242695379341228,0.2993458482091443,"[0.249, 0.362]",4.488565547000543e-40,7.309949605115168e-39,NO_SOBRERREPRESENTADO
CLUSTER_020,scian_textil,1997,812,0.4066099148723084,0.6044887780548629,-19.787886318255442,0.6726508905272099,-0.5720701623894646,0.1704578530221649,"[0.148, 0.197]",1.9160448123396677e-148,2.184291086067221e-146,NO_SOBRERREPRESENTADO
CLUSTER_020,scian_acabado_humedo,1997,20,0.0100150225338007,0.0084788029925187,0.15362195412819002,1.1811835400159063,0.2402331575353331,1.44446853096322,"[0.728, 2.81]",0.3066700270363831,0.5406244806517682,FILTRADO_POR_CRITERIO
CLUSTER_020,scian_lavanderia,1997,1185,0.5933900851276915,0.3955112219451371,19.787886318255428,1.500311627592713,0.585262191979953,5.866552829748289,"[5.09, 6.75]",1.9160448123396677e-148,2.184291086067221e-146,SOBRERREPRESENTADO
CLUSTER_020,actividad_lavanderia_tintoreria,1997,1185,0.5933900851276915,0.3955112219451371,19.787886318255428,1.500311627592713,0.585262191979953,5.866552829748289,"[5.09, 6.75]",1.9160448123396677e-148,2.184291086067221e-146,SOBRERREPRESENTADO
CLUSTER_020,actividad_acabado_textil,1997,20,0.0100150225338007,0.0084788029925187,0.15362195412819002,1.1811835400159063,0.2402331575353331,1.44446853096322,"[0.728, 2.81]",0.3066700270363831,0.5406244806517682,FILTRADO_POR_CRITERIO
CLUSTER_020,actividad_confeccion,1997,417,0.2088132198297446,0.3895261845386533,-18.07129647089087,0.5360697897037618,-0.8995072607990054,0.2000751755016306,"[0.174, 0.23]",4.433347447601263e-124,2.5270080451327194e-122,NO_SOBRERREPRESENTADO
CLUSTER_020,actividad_fabricacion_telas,1997,106,0.0530796194291437,0.0386533665835411,1.44262528456025,1.373221122005589,0.4575639531872716,2.246775812387356,"[1.59, 3.15]",2.3867751721333686e-06,1.13371820676335e-05,SOBRERREPRESENTADO
CLUSTER_020,actividad_tejido_hilado,1997,116,0.058087130696044,0.0895261845386533,-3.1439053842609304,0.6488283957970381,-0.6240911347971693,0.4491963166427104,"[0.358, 0.567]",3.001128834129241e-12,2.2312740462439134e-11,NO_SOBRERREPRESENTADO
CLUSTER_020,actividad_bordado_deshilado,1997,74,0.0370555833750625,0.0446384039900249,-0.75828206149623,0.8301278733743073,-0.2685945077369965,0.6992645420102518,"[0.517, 0.949]",0.0217400366052486,0.0571930193768849,NO_SOBRERREPRESENTADO
CLUSTER_020,senal_pantalon,1997,1,0.00050075112669,0.0366583541147132,-3.61576029880231,0.0136599457008642,-6.193904440938055,0.0064066489142668,"[0.00191, 0.0479]",1.3166299502645098e-43,2.8142965186903898e-42,NO_SOBRERREPRESENTADO
CLUSTER_020,senal_mezclilla_o_pantalon,1997,4,0.0020030045067601,0.0456359102244389,-4.3632905717678705,0.0438909730716293,-4.509931934385732,0.0205635926861333,"[0.00903, 0.0589]",1.8010931555774008e-49,4.7382604554420855e-48,NO_SOBRERREPRESENTADO
CLUSTER_021,textil,31,1,0.032258064516129,0.2483790523690773,-21.61209878529482,0.1298743360538929,-2.9448117211126736,0.099966499162479,"[0.0286, 0.761]",0.0027191538048034,0.0082409835320613,NO_SOBRERREPRESENTADO
CLUSTER_021,mezclilla,31,0,0.0,0.0184538653366583,-1.8453865336658297,0.0,,0.0,"[0.0504, 13.7]",1.0,1.0,NO_SOBRERREPRESENTADO
CLUSTER_021,humedo_explicito,31,2,0.064516129032258,0.0922693266832917,-2.77531976510337,0.6992153443766347,-0.5161912495609047,0.6767241379310345,"[0.227, 3.03]",1.0,1.0,NO_SOBRERREPRESENTADO
CLUSTER_021,lavado_generico,31,12,0.3870967741935484,0.2992518703241895,8.784490386935879,1.293548387096774,0.3713340211806826,1.483785220627326,"[0.738, 3.07]",0.3246153098922838,0.5693253127341593,FILTRADO_POR_CRITERIO
CLUSTER_021,produccion,31,2,0.064516129032258,0.1219451371571072,-5.74290081248491,0.5290586450293555,-0.9185004439968264,0.4945124973447568,"[0.166, 2.22]",0.5771581896361992,0.8508107795499145,NO_SOBRERREPRESENTADO
CLUSTER_021,maquila,31,1,0.032258064516129,0.1468827930174563,-11.462472850132729,0.2196177227668547,-2.186933612875053,0.1922335600907029,"[0.0549, 1.46]",0.0751219246450054,0.1771841257144266,NO_SOBRERREPRESENTADO
CLUSTER_021,proceso_seco_explicito,31,0,0.0,0.1605985037406483,-16.05985037406483,0.0,,0.0,"[0.00502, 1.34]",0.0062539028793144,0.0181219782028885,NO_SOBRERREPRESENTADO
CLUSTER_021,scian_textil,31,18,0.5806451612903226,0.6044887780548629,-2.38436167645402,0.960555732992654,-0.0580587710752311,0.9052369077306732,"[0.443, 1.81]",0.8542765153321354,1.0,NO_SOBRERREPRESENTADO
CLUSTER_021,scian_acabado_humedo,31,0,0.0,0.0084788029925187,-0.8478802992518699,0.0,,0.0,"[0.109, 30.3]",1.0,1.0,NO_SOBRERREPRESENTADO
CLUSTER_021,scian_lavanderia,31,13,0.4193548387096774,0.3955112219451371,2.38436167645402,1.0602855631940773,0.0844528733925212,1.1046831955922864,"[0.552, 2.26]",0.8542765153321354,1.0,FILTRADO_POR_CRITERIO
CLUSTER_021,actividad_lavanderia_tintoreria,31,13,0.4193548387096774,0.3955112219451371,2.38436167645402,1.0602855631940773,0.0844528733925212,1.1046831955922864,"[0.552, 2.26]",0.8542765153321354,1.0,FILTRADO_POR_CRITERIO
CLUSTER_021,actividad_acabado_textil,31,0,0.0,0.0084788029925187,-0.8478802992518699,0.0,,0.0,"[0.109, 30.3]",1.0,1.0,NO_SOBRERREPRESENTADO
CLUSTER_021,actividad_confeccion,31,8,0.2580645161290322,0.3895261845386533,-13.14616684096211,0.6625087770021891,-0.5939885271865718,0.5427788036483688,"[0.257, 1.24]",0.1432981102833666,0.2899878918160438,NO_SOBRERREPRESENTADO
CLUSTER_021,actividad_fabricacion_telas,31,3,0.0967741935483871,0.0386533665835411,5.81208269648459,2.5036420395421435,1.324028306402326,2.6976033834586466,"[1, 9.46]",0.1159362048723871,0.2432526507138428,FILTRADO_POR_CRITERIO
CLUSTER_021,actividad_tejido_hilado,31,2,0.064516129032258,0.0895261845386533,-2.50100555063953,0.7206397699703477,-0.4726498228676439,0.6997005698831257,"[0.235, 3.14]",1.0,1.0,NO_SOBRERREPRESENTADO
CLUSTER_021,actividad_bordado_deshilado,31,1,0.032258064516129,0.0446384039900249,-1.23803394738959,0.7226527302216615,-0.468625566308849,0.7117977528089887,"[0.202, 5.43]",1.0,1.0,NO_SOBRERREPRESENTADO
CLUSTER_021,senal_pantalon,31,0,0.0,0.0366583541147132,-3.66583541147132,0.0,,0.0,"[0.0251, 6.77]",0.6281187746942551,0.8816375019289009,NO_SOBRERREPRESENTADO
CLUSTER_021,senal_mezclilla_o_pantalon,31,0,0.0,0.0456359102244389,-4.56359102244389,0.0,,0.0,"[0.02, 5.39]",0.3997759234616639,0.6543846810980979,NO_SOBRERREPRESENTADO
RUIDO_DISPERSO,textil,578,171,0.2958477508650519,0.2483790523690773,4.74686984959745,1.1911139367157209,0.2523114216594205,1.3276658476658476,"[1.09, 1.62]",0.0049385661480216,0.014560255367443,FILTRADO_POR_CRITERIO
RUIDO_DISPERSO,mezclilla,578,2,0.0034602076124567,0.0184538653366583,-1.4993657724201601,0.1875058449452913,-2.414992526787346,0.162037037037037,"[0.0568, 0.711]",0.001312731546947,0.0042354168778856,NO_SOBRERREPRESENTADO
RUIDO_DISPERSO,humedo_explicito,578,30,0.0519031141868512,0.0922693266832917,-4.03662124964405,0.562517534835874,-0.8300300260661897,0.4978531558608845,"[0.345, 0.74]",0.0001765231581935,0.0006634167044198,NO_SOBRERREPRESENTADO
RUIDO_DISPERSO,lavado_generico,578,159,0.2750865051903114,0.2992518703241895,-2.4165365133878103,0.9192474048442906,-0.1214748963699218,0.87158941627176,"[0.717, 1.06]",0.1849562950275322,0.3573731802226894,NO_SOBRERREPRESENTADO
RUIDO_DISPERSO,produccion,578,78,0.1349480968858131,0.1219451371571072,1.3002959728705898,1.1066295879593269,0.1461724027516187,1.1466569343065691,"[0.889, 1.49]",0.302942815560398,0.539616890216959,FILTRADO_POR_CRITERIO
RUIDO_DISPERSO,maquila,578,86,0.1487889273356401,0.1468827930174563,0.19061343181836998,1.0129772472256655,0.0186017697132411,1.0178522361764373,"[0.798, 1.31]",0.8989331847240496,1.0,FILTRADO_POR_CRITERIO
RUIDO_DISPERSO,proceso_seco_explicito,578,132,0.2283737024221453,0.1605985037406483,6.77751986814969,1.422016376883234,0.5079380800854403,1.687920403587444,"[1.36, 2.1]",3.993530237590574e-06,1.870941563364351e-05,SOBRERREPRESENTADO
RUIDO_DISPERSO,scian_textil,578,385,0.6660899653979239,0.6044887780548629,6.16011873430609,1.1019062546393046,0.1400014909509163,1.362816274359828,"[1.13, 1.64]",0.0010856061918595,0.0035699742078458,FILTRADO_POR_CRITERIO
RUIDO_DISPERSO,scian_acabado_humedo,578,4,0.0069204152249134,0.0084788029925187,-0.15583877676052,0.8162019132912681,-0.2930020024087355,0.7902439024390244,"[0.323, 2.36]",0.8094883618928228,1.0,NO_SOBRERREPRESENTADO
RUIDO_DISPERSO,scian_lavanderia,578,193,0.3339100346020761,0.3955112219451371,-6.1601187343061,0.8442492047631307,-0.2442591795942941,0.7337746245140359,"[0.61, 0.884]",0.0010856061918595,0.0035699742078458,NO_SOBRERREPRESENTADO
RUIDO_DISPERSO,actividad_lavanderia_tintoreria,578,193,0.3339100346020761,0.3955112219451371,-6.1601187343061,0.8442492047631307,-0.2442591795942941,0.7337746245140359,"[0.61, 0.884]",0.0010856061918595,0.0035699742078458,NO_SOBRERREPRESENTADO
RUIDO_DISPERSO,actividad_acabado_textil,578,4,0.0069204152249134,0.0084788029925187,-0.15583877676052,0.8162019132912681,-0.2930020024087355,0.7902439024390244,"[0.323, 2.36]",0.8094883618928228,1.0,NO_SOBRERREPRESENTADO
RUIDO_DISPERSO,actividad_confeccion,578,237,0.4100346020761246,0.3895261845386533,2.05084175374712,1.0526496506563765,0.0740253495978838,1.1052044486250208,"[0.924, 1.32]",0.2890088214852734,0.5202158786734922,FILTRADO_POR_CRITERIO
RUIDO_DISPERSO,actividad_fabricacion_telas,578,24,0.0415224913494809,0.0386533665835411,0.28691247659398,1.074227034267217,0.1032989342885224,1.0916306115137653,"[0.714, 1.72]",0.7260631467724687,0.9737788086124874,FILTRADO_POR_CRITERIO
RUIDO_DISPERSO,actividad_tejido_hilado,578,48,0.0830449826989619,0.0895261845386533,-0.6481201839691401,0.9276055170552572,-0.1084166942602913,0.9088636777285688,"[0.668, 1.26]",0.6364422064020803,0.8816375019289009,NO_SOBRERREPRESENTADO
RUIDO_DISPERSO,actividad_bordado_deshilado,578,19,0.0328719723183391,0.0446384039900249,-1.17664316716858,0.7364056368521775,-0.4414274249790673,0.6950805008944544,"[0.44, 1.15]",0.1568163948173837,0.3102111706335259,NO_SOBRERREPRESENTADO
RUIDO_DISPERSO,senal_pantalon,578,0,0.0,0.0366583541147132,-3.66583541147132,0.0,,0.0,"[0.0012, 0.31]",1.4742049199882602e-10,9.166874229745182e-10,NO_SOBRERREPRESENTADO
RUIDO_DISPERSO,senal_mezclilla_o_pantalon,578,2,0.0034602076124567,0.0456359102244389,-4.21757026119821,0.0758220356609374,-3.721238999442439,0.0623657151626764,"[0.0222, 0.271]",2.0396737246564592e-10,1.245657881843766e-09,NO_SOBRERREPRESENTADO
