grupo_espacial,scian_6,n,pct_grupo
CLUSTER_004,314120,1,3.5714285714285716
CLUSTER_004,314992,1,3.5714285714285716
CLUSTER_004,315123,2,7.142857142857143
CLUSTER_004,315223,5,17.857142857142858
CLUSTER_004,315225,3,10.714285714285714
CLUSTER_004,315229,14,50.0
CLUSTER_004,812210,2,7.142857142857143
CLUSTER_005,313220,2,6.0606060606060606
CLUSTER_005,315123,3,9.090909090909092
CLUSTER_005,315223,9,27.272727272727273
CLUSTER_005,315225,2,6.0606060606060606
CLUSTER_005,315229,15,45.45454545454545
CLUSTER_005,812210,2,6.0606060606060606
CLUSTER_006,314120,1,5.0
CLUSTER_006,314911,11,55.0
CLUSTER_006,315221,1,5.0
CLUSTER_006,315223,1,5.0
CLUSTER_006,315225,1,5.0
CLUSTER_006,315229,5,25.0
CLUSTER_007,313111,1,1.0101010101010102
CLUSTER_007,313112,4,4.040404040404041
CLUSTER_007,313113,1,1.0101010101010102
CLUSTER_007,313210,2,2.0202020202020203
CLUSTER_007,313220,1,1.0101010101010102
CLUSTER_007,313230,2,2.0202020202020203
CLUSTER_007,313240,1,1.0101010101010102
CLUSTER_007,313310,1,1.0101010101010102
CLUSTER_007,314120,1,1.0101010101010102
CLUSTER_007,314991,6,6.0606060606060606
CLUSTER_007,314993,1,1.0101010101010102
CLUSTER_007,315121,1,1.0101010101010102
CLUSTER_007,315122,1,1.0101010101010102
CLUSTER_007,315222,1,1.0101010101010102
CLUSTER_007,315223,3,3.0303030303030303
CLUSTER_007,315224,8,8.080808080808081
CLUSTER_007,315225,8,8.080808080808081
CLUSTER_007,315229,11,11.11111111111111
CLUSTER_007,315991,1,1.0101010101010102
CLUSTER_007,812210,44,44.44444444444444
CLUSTER_008,313220,1,0.29673590504451036
CLUSTER_008,313310,4,1.1869436201780414
CLUSTER_008,314120,2,0.5934718100890207
CLUSTER_008,314991,8,2.373887240356083
CLUSTER_008,315123,6,1.7804154302670623
CLUSTER_008,315223,32,9.495548961424332
CLUSTER_008,315225,1,0.29673590504451036
CLUSTER_008,315229,256,75.96439169139465
CLUSTER_008,812210,27,8.011869436201781
CLUSTER_009,314120,1,3.3333333333333335
CLUSTER_009,315121,24,80.0
CLUSTER_009,315225,1,3.3333333333333335
CLUSTER_009,315229,4,13.333333333333334
CLUSTER_010,313310,1,0.704225352112676
CLUSTER_010,315121,135,95.07042253521126
CLUSTER_010,315225,1,0.704225352112676
CLUSTER_010,812210,5,3.5211267605633805
CLUSTER_011,314912,1,12.5
CLUSTER_011,314991,2,25.0
CLUSTER_011,315221,1,12.5
CLUSTER_011,315223,1,12.5
CLUSTER_011,315225,1,12.5
CLUSTER_011,315999,1,12.5
CLUSTER_011,812210,1,12.5
CLUSTER_012,313310,3,1.3392857142857142
CLUSTER_012,314120,1,0.44642857142857145
CLUSTER_012,314991,10,4.464285714285714
CLUSTER_012,315121,1,0.44642857142857145
CLUSTER_012,315123,3,1.3392857142857142
CLUSTER_012,315223,5,2.232142857142857
CLUSTER_012,315225,3,1.3392857142857142
CLUSTER_012,315229,180,80.35714285714286
CLUSTER_012,315999,2,0.8928571428571429
CLUSTER_012,812210,16,7.142857142857143
CLUSTER_013,314120,5,3.3557046979865772
CLUSTER_013,314991,5,3.3557046979865772
CLUSTER_013,315123,5,3.3557046979865772
CLUSTER_013,315221,1,0.6711409395973155
CLUSTER_013,315222,2,1.342281879194631
CLUSTER_013,315223,17,11.409395973154362
CLUSTER_013,315225,13,8.724832214765101
CLUSTER_013,315229,88,59.060402684563755
CLUSTER_013,315999,1,0.6711409395973155
CLUSTER_013,812210,12,8.053691275167786
CLUSTER_014,314991,3,21.428571428571427
CLUSTER_014,315223,2,14.285714285714286
CLUSTER_014,315225,2,14.285714285714286
CLUSTER_014,315229,2,14.285714285714286
CLUSTER_014,812210,5,35.714285714285715
CLUSTER_015,313320,1,1.0869565217391304
CLUSTER_015,314120,3,3.260869565217391
CLUSTER_015,314991,5,5.434782608695652
CLUSTER_015,315123,1,1.0869565217391304
CLUSTER_015,315222,1,1.0869565217391304
CLUSTER_015,315223,4,4.3478260869565215
CLUSTER_015,315224,1,1.0869565217391304
CLUSTER_015,315225,9,9.782608695652174
CLUSTER_015,315229,22,23.91304347826087
CLUSTER_015,812210,45,48.91304347826087
CLUSTER_016,313310,1,1.9607843137254901
CLUSTER_016,314120,2,3.9215686274509802
CLUSTER_016,314991,3,5.882352941176471
CLUSTER_016,315123,1,1.9607843137254901
CLUSTER_016,315223,3,5.882352941176471
CLUSTER_016,315225,2,3.9215686274509802
CLUSTER_016,315229,31,60.78431372549019
CLUSTER_016,812210,8,15.686274509803921
CLUSTER_017,314991,1,2.2222222222222223
CLUSTER_017,315223,4,8.88888888888889
CLUSTER_017,315225,15,33.333333333333336
CLUSTER_017,315229,19,42.22222222222222
CLUSTER_017,812210,6,13.333333333333334
CLUSTER_018,314110,1,3.125
CLUSTER_018,314120,1,3.125
CLUSTER_018,314912,1,3.125
CLUSTER_018,314991,3,9.375
CLUSTER_018,315223,1,3.125
CLUSTER_018,315225,10,31.25
CLUSTER_018,315229,2,6.25
CLUSTER_018,812210,13,40.625
CLUSTER_019,313220,2,2.0
CLUSTER_019,314991,9,9.0
CLUSTER_019,315123,4,4.0
CLUSTER_019,315221,1,1.0
CLUSTER_019,315223,18,18.0
CLUSTER_019,315225,4,4.0
CLUSTER_019,315229,53,53.0
CLUSTER_019,812210,9,9.0
CLUSTER_020,313111,6,0.30045067601402103
CLUSTER_020,313112,24,1.2018027040560841
CLUSTER_020,313113,31,1.5523284927391086
CLUSTER_020,313210,72,3.605408112168252
CLUSTER_020,313220,8,0.400600901352028
CLUSTER_020,313240,4,0.200300450676014
CLUSTER_020,313310,20,1.0015022533800702
CLUSTER_020,313320,2,0.100150225338007
CLUSTER_020,314120,51,2.553830746119179
CLUSTER_020,314912,25,1.2518778167250877
CLUSTER_020,314991,70,3.5052578868302455
CLUSTER_020,314992,5,0.25037556334501754
CLUSTER_020,314993,10,0.5007511266900351
CLUSTER_020,314999,2,0.100150225338007
CLUSTER_020,315121,27,1.3520280420630946
CLUSTER_020,315123,28,1.4021031547320981
CLUSTER_020,315221,7,0.35052578868302453
CLUSTER_020,315222,1,0.0500751126690035
CLUSTER_020,315223,97,4.85728592889334
CLUSTER_020,315224,15,0.7511266900350526
CLUSTER_020,315225,181,9.063595393089635
CLUSTER_020,315229,116,5.808713069604407
CLUSTER_020,315991,4,0.200300450676014
CLUSTER_020,315999,6,0.30045067601402103
CLUSTER_020,812210,1185,59.339008512769155
CLUSTER_021,313111,1,3.225806451612903
CLUSTER_021,313112,1,3.225806451612903
CLUSTER_021,313210,2,6.451612903225806
CLUSTER_021,313220,1,3.225806451612903
CLUSTER_021,314912,1,3.225806451612903
CLUSTER_021,314991,1,3.225806451612903
CLUSTER_021,314992,1,3.225806451612903
CLUSTER_021,314993,1,3.225806451612903
CLUSTER_021,315223,2,6.451612903225806
CLUSTER_021,315225,4,12.903225806451612
CLUSTER_021,315229,2,6.451612903225806
CLUSTER_021,315991,1,3.225806451612903
CLUSTER_021,812210,13,41.935483870967744
RUIDO_DISPERSO,313111,5,0.8650519031141869
RUIDO_DISPERSO,313112,4,0.6920415224913494
RUIDO_DISPERSO,313113,4,0.6920415224913494
RUIDO_DISPERSO,313210,13,2.2491349480968856
RUIDO_DISPERSO,313220,1,0.17301038062283736
RUIDO_DISPERSO,313230,2,0.3460207612456747
RUIDO_DISPERSO,313240,3,0.5190311418685121
RUIDO_DISPERSO,313310,4,0.6920415224913494
RUIDO_DISPERSO,313320,1,0.17301038062283736
RUIDO_DISPERSO,314110,3,0.5190311418685121
RUIDO_DISPERSO,314120,26,4.498269896193771
RUIDO_DISPERSO,314911,1,0.17301038062283736
RUIDO_DISPERSO,314912,14,2.422145328719723
RUIDO_DISPERSO,314991,19,3.28719723183391
RUIDO_DISPERSO,314992,2,0.3460207612456747
RUIDO_DISPERSO,314993,4,0.6920415224913494
RUIDO_DISPERSO,314999,1,0.17301038062283736
RUIDO_DISPERSO,315121,27,4.671280276816609
RUIDO_DISPERSO,315122,1,0.17301038062283736
RUIDO_DISPERSO,315123,7,1.2110726643598615
RUIDO_DISPERSO,315221,6,1.0380622837370241
RUIDO_DISPERSO,315222,7,1.2110726643598615
RUIDO_DISPERSO,315223,39,6.747404844290657
RUIDO_DISPERSO,315224,10,1.7301038062283738
RUIDO_DISPERSO,315225,47,8.131487889273357
RUIDO_DISPERSO,315229,128,22.14532871972318
RUIDO_DISPERSO,315991,3,0.5190311418685121
RUIDO_DISPERSO,315999,3,0.5190311418685121
RUIDO_DISPERSO,812210,193,33.391003460207614
